{
  "Name": "Ordinary Concentric Braced Frame, braces design to ductile slenderness limits, Chevron Brace, Brace 41 PLF < w < 99 PLF",
  "QuantityUnit": [
    1.0,
    "EA"
  ],
  "Directional": true,
  "Correlated": false,
  "EDP": {
    "Type": "Story Drift Ratio",
    "Unit": [
      1.0,
      "ea"
    ],
    "Offset": 0
  },
  "GeneralInformation": {
    "ID": "B1033.061b",
    "Description": "Costing on a per bay basis, equivalent to AISC OCBF criteria.  Braces may be HSS, WF, or Angle.  Costing does not include fireproofing removal or reapplication cost.",
    "Author": "Not Given",
    "Official": true,
    "DateCreated": "2019-02-19T17:48:43.1367993-08:00",
    "Approved": true,
    "Incomplete": false,
    "Notes": "None"
  },
  "Ratings": {
    "DataQuality": "Average",
    "DataRelevance": "Average",
    "Documentation": "Average",
    "Rationality": "Average"
  },
  "DSGroups": [
    {
      "MedianEDP": "0.00159",
      "Beta": "0.7",
      "CurveType": "LogNormal",
      "DSGroupType": "Single",
      "DamageStates": [
        {
          "Weight": 1.0,
          "LongLeadTime": 0.0,
          "Consequences": {
            "RedTag": {
              "Amount": 0.6,
              "Beta": 0.5,
              "CurveType": "Normal",
              "Bounds": [
                0.0,
                1.0
              ]
            },
            "ReconstructionCost": {
              "Amount": [
                "45098.1191",
                "30666.721"
              ],
              "Quantity": [
                3.0,
                7.0
              ],
              "CurveType": "Normal",
              "Beta": 0.3278,
              "Bounds": [
                0.0,
                "None"
              ]
            },
            "ReconstructionTime": {
              "Amount": [
                "29.8444",
                "20.2942"
              ],
              "Quantity": [
                3.0,
                7.0
              ],
              "CurveType": "Normal",
              "Beta": 0.4123,
              "Bounds": [
                0.0,
                "None"
              ]
            }
          },
          "Description": "Buckling of brace in excess of the brace depth.  Initiation of yielding and out-of-plane deformation of the gusset.  Initiation of cracking of welds of gusset.  Initiation of yielding in beams and columns adjacent to gusset.",
          "RepairMeasures": "Brace damage is largely aesthetic.  Heat straightening may be desirable but replacement would be for aesthetic reasons.  Gusset has minor loss of strength and stiffness and straightening or repair may be desirable aesthetic reasons."
        }
      ]
    },
    {
      "MedianEDP": "0.01",
      "Beta": "0.3",
      "CurveType": "LogNormal",
      "DSGroupType": "Single",
      "DamageStates": [
        {
          "Weight": 1.0,
          "LongLeadTime": 0.0,
          "Consequences": {
            "RedTag": {
              "Amount": 0.4,
              "Beta": 0.5,
              "CurveType": "Normal",
              "Bounds": [
                0.0,
                1.0
              ]
            },
            "ReconstructionCost": {
              "Amount": [
                "62283.2836",
                "42352.6329"
              ],
              "Quantity": [
                3.0,
                7.0
              ],
              "CurveType": "Normal",
              "Beta": 0.294,
              "Bounds": [
                0.0,
                "None"
              ]
            },
            "ReconstructionTime": {
              "Amount": [
                "41.2169",
                "28.0275"
              ],
              "Quantity": [
                3.0,
                7.0
              ],
              "CurveType": "Normal",
              "Beta": 0.386,
              "Bounds": [
                0.0,
                "None"
              ]
            }
          },
          "Description": "Buckling of brace in excess of 2 time brace depth.  Yielding and out-of-plane deformation of gusset.  Cracking and tearing of welds and gussets adjacent to welds but crack length is less than critical for fracture.  Significant yielding and local buckling in beams and columns adjacent to gusset.  ",
          "RepairMeasures": "Brace has lost significant axial capacity, and replacement of braces is likely required.  The gusset plate may have significant deformation and replacement may also be needed. Local beam and column yielding has occurred and straightening may be desirable for aesthetic reasons."
        }
      ]
    },
    {
      "MedianEDP": "0.01776",
      "Beta": "0.3",
      "CurveType": "LogNormal",
      "DSGroupType": "Single",
      "DamageStates": [
        {
          "Weight": 1.0,
          "LongLeadTime": 0.0,
          "Consequences": {
            "RedTag": {
              "Amount": 0.2,
              "Beta": 0.5,
              "CurveType": "Normal",
              "Bounds": [
                0.0,
                1.0
              ]
            },
            "ReconstructionCost": {
              "Amount": [
                "66658.2836",
                "45327.6329"
              ],
              "Quantity": [
                3.0,
                7.0
              ],
              "CurveType": "Normal",
              "Beta": 0.2883,
              "Bounds": [
                0.0,
                "None"
              ]
            },
            "ReconstructionTime": {
              "Amount": [
                "44.1121",
                "29.9962"
              ],
              "Quantity": [
                3.0,
                7.0
              ],
              "CurveType": "Normal",
              "Beta": 0.3816,
              "Bounds": [
                0.0,
                "None"
              ]
            }
          },
          "Description": "Fracture of brace or gusset.  Buckling of gusset.  Severe yielding of beams and columns adjacent to the gusset with possibility of local buckling and cracking in the yielded areas.  Nearly total loss of lateral resistance.  ",
          "RepairMeasures": "Brace and gusset are severely damaged with significant loss in stiffness and resistance, and both likely require replacement. Yielding and local buckling of beams and columns may be repaired by heat straightening, stiffeners or reinforcement, if there is no cracking or tearing. If cracking or tearing has initiated more substantial repair is needed"
        }
      ]
    }
  ]
}