{
  "Name": "Ordinary Concentric Braced Frame w compact braces, Chevron Brace, Brace w < 40 PLF",
  "QuantityUnit": [
    1.0,
    "EA"
  ],
  "Directional": true,
  "Correlated": false,
  "EDP": {
    "Type": "Story Drift Ratio",
    "Unit": [
      1.0,
      "ea"
    ],
    "Offset": 0
  },
  "GeneralInformation": {
    "ID": "B1033.051a",
    "Description": "Costing on a per bay basis, braces may be HSS, WF, or Angle.  Costing does not include fireproofing removal or reapplication cost.",
    "Author": "Not Given",
    "Official": true,
    "DateCreated": "2019-02-19T17:48:40.3176453-08:00",
    "Approved": true,
    "Incomplete": false,
    "Notes": "None"
  },
  "Ratings": {
    "DataQuality": "Not Rated",
    "DataRelevance": "Marginal",
    "Documentation": "average",
    "Rationality": "Superior"
  },
  "DSGroups": [
    {
      "MedianEDP": "0.00159",
      "Beta": "0.7",
      "CurveType": "LogNormal",
      "DSGroupType": "Single",
      "DamageStates": [
        {
          "Weight": 1.0,
          "LongLeadTime": 0.0,
          "Consequences": {
            "RedTag": {
              "Amount": 0.0,
              "Beta": 0.0,
              "CurveType": "Normal",
              "Bounds": [
                0.0,
                1.0
              ]
            },
            "ReconstructionCost": {
              "Amount": [
                "44535.6191",
                "30284.221"
              ],
              "Quantity": [
                3.0,
                7.0
              ],
              "CurveType": "Normal",
              "Beta": 0.3305,
              "Bounds": [
                0.0,
                "None"
              ]
            },
            "ReconstructionTime": {
              "Amount": [
                "29.4721",
                "20.041"
              ],
              "Quantity": [
                3.0,
                7.0
              ],
              "CurveType": "Normal",
              "Beta": 0.4144,
              "Bounds": [
                0.0,
                "None"
              ]
            }
          },
          "Description": "Buckling of the brace has begun but does not exceed the depth of the brace.  Initial yielding of the gusset has begun.  Yielding has initiated in framing at gusset plates but no buckling has occurred.  Residual deformation of the brace has occurred but is barely noticeable to the naked eye and does not exceed half the brace depth.  Residual drift is slight.",
          "RepairMeasures": "Brace damage is largely aesthetic.  Heat straightening may be desirable but replacement would be for aesthetic reasons.  Gusset has minor loss of strength and stiffness and straightening or repair may be desirable aesthetic reasons."
        }
      ]
    },
    {
      "MedianEDP": "0.01",
      "Beta": "0.3",
      "CurveType": "LogNormal",
      "DSGroupType": "Single",
      "DamageStates": [
        {
          "Weight": 1.0,
          "LongLeadTime": 0.0,
          "Consequences": {
            "RedTag": {
              "Amount": 0.4,
              "Beta": 0.5,
              "CurveType": "Normal",
              "Bounds": [
                0.0,
                1.0
              ]
            },
            "ReconstructionCost": {
              "Amount": [
                "50028.5501",
                "34019.4141"
              ],
              "Quantity": [
                3.0,
                7.0
              ],
              "CurveType": "Normal",
              "Beta": 0.3153,
              "Bounds": [
                0.0,
                "None"
              ]
            },
            "ReconstructionTime": {
              "Amount": [
                "33.1071",
                "22.5128"
              ],
              "Quantity": [
                3.0,
                7.0
              ],
              "CurveType": "Normal",
              "Beta": 0.4024,
              "Bounds": [
                0.0,
                "None"
              ]
            }
          },
          "Description": "Brace has buckled but residual displacement does not exceed two times brace depth.  Brace has not fractured.  Gusset plate exhibits extensive yielding.  Yielding extends well into the members.",
          "RepairMeasures": "Replace brace.  Gusset plate must be replaced 50% of the time.  Heat straightening of deformed beams and columns may be required."
        }
      ]
    },
    {
      "MedianEDP": "0.0178",
      "Beta": "0.3",
      "CurveType": "LogNormal",
      "DSGroupType": "Single",
      "DamageStates": [
        {
          "Weight": 1.0,
          "LongLeadTime": 0.0,
          "Consequences": {
            "RedTag": {
              "Amount": 0.2,
              "Beta": 0.5,
              "CurveType": "Normal",
              "Bounds": [
                0.0,
                1.0
              ]
            },
            "ReconstructionCost": {
              "Amount": [
                "52153.5501",
                "35464.4141"
              ],
              "Quantity": [
                3.0,
                7.0
              ],
              "CurveType": "Normal",
              "Beta": 0.3101,
              "Bounds": [
                0.0,
                "None"
              ]
            },
            "ReconstructionTime": {
              "Amount": [
                "34.5134",
                "23.4691"
              ],
              "Quantity": [
                3.0,
                7.0
              ],
              "CurveType": "Normal",
              "Beta": 0.3984,
              "Bounds": [
                0.0,
                "None"
              ]
            }
          },
          "Description": "Brace has fractured.  Gusset plate has torn, possibly completely free of framing.  Local buckling of flanges and web of framing members.  Bolt fractures in beam-column connections.",
          "RepairMeasures": "Replace brace.  Gusset plate must be replaced 90% of the time.  Replacement of portions (deformed flanges, webs) of permanently deformed beams and columns likely required."
        }
      ]
    }
  ]
}