{
  "Name": "Special Concentric Braced Frame w double angle braces, Chevron Brace, Brace w > 100 PLF",
  "QuantityUnit": [
    1.0,
    "EA"
  ],
  "Directional": true,
  "Correlated": false,
  "EDP": {
    "Type": "Story Drift Ratio",
    "Unit": [
      1.0,
      "ea"
    ],
    "Offset": 0
  },
  "GeneralInformation": {
    "ID": "B1033.041c",
    "Description": "Costing on a per bay basis, equivalent to AISC minimum SCBF criteria.   Costing does not include fireproofing removal or reapplication cost.",
    "Author": "Not Given",
    "Official": true,
    "DateCreated": "2019-02-19T17:48:38.4582033-08:00",
    "Approved": true,
    "Incomplete": false,
    "Notes": "None"
  },
  "Ratings": {
    "DataQuality": "Marginal",
    "DataRelevance": "Average",
    "Documentation": "Marginal",
    "Rationality": "Average"
  },
  "DSGroups": [
    {
      "MedianEDP": "0.00256",
      "Beta": "0.3",
      "CurveType": "LogNormal",
      "DSGroupType": "Single",
      "DamageStates": [
        {
          "Weight": 1.0,
          "LongLeadTime": 0.0,
          "Consequences": {
            "RedTag": {
              "Amount": 0.0,
              "Beta": 0.0,
              "CurveType": "Normal",
              "Bounds": [
                0.0,
                1.0
              ]
            },
            "ReconstructionCost": {
              "Amount": [
                "43294.1943",
                "28862.7962"
              ],
              "Quantity": [
                5.0,
                15.0
              ],
              "CurveType": "Normal",
              "Beta": 0.3278,
              "Bounds": [
                0.0,
                "None"
              ]
            },
            "ReconstructionTime": {
              "Amount": [
                "28.6506",
                "19.1004"
              ],
              "Quantity": [
                5.0,
                15.0
              ],
              "CurveType": "Normal",
              "Beta": 0.4123,
              "Bounds": [
                0.0,
                "None"
              ]
            }
          },
          "Description": "Buckling of the brace has begun but does not exceed the depth of the brace.  Initial yielding of the gusset has begun.  Yielding has initiated in framing at gusset plates but no buckling has occurred.  Residual buckling of the brace has occurred but is barely noticeable to the naked eye and does not exceed half the brace depth.  Residual drift is slight.",
          "RepairMeasures": "Brace damage is largely aesthetic.  Heat straightening may be desirable but replacement would be for aesthetic reasons.  Gusset has minor loss of strength and stiffness and straightening or repair may be desirable aesthetic reasons."
        }
      ]
    },
    {
      "MedianEDP": "0.0048",
      "Beta": "0.3",
      "CurveType": "LogNormal",
      "DSGroupType": "Single",
      "DamageStates": [
        {
          "Weight": 1.0,
          "LongLeadTime": 0.0,
          "Consequences": {
            "RedTag": {
              "Amount": 0.6,
              "Beta": 0.5,
              "CurveType": "Normal",
              "Bounds": [
                0.0,
                1.0
              ]
            },
            "ReconstructionCost": {
              "Amount": [
                "76573.8657",
                "51049.2438"
              ],
              "Quantity": [
                5.0,
                15.0
              ],
              "CurveType": "Normal",
              "Beta": 0.2755,
              "Bounds": [
                0.0,
                "None"
              ]
            },
            "ReconstructionTime": {
              "Amount": [
                "50.6738",
                "33.7826"
              ],
              "Quantity": [
                5.0,
                15.0
              ],
              "CurveType": "Normal",
              "Beta": 0.372,
              "Bounds": [
                0.0,
                "None"
              ]
            }
          },
          "Description": "Buckling of brace in excess of the brace depth.  Initiation of yielding and out-of-plane deformation of the gusset.  Initiation of cracking of welds of gusset.  Initiation of yielding in beams and columns adjacent to gusset.",
          "RepairMeasures": "Brace has lost significant axial capacity, and replacement braces is likely required.  The gusset plate may have significant deformation and replacement may also be needed. Local beam and column yielding has occurred and straightening may be desirable for aesthetic reasons."
        }
      ]
    },
    {
      "MedianEDP": "0.0112",
      "Beta": "0.3",
      "CurveType": "LogNormal",
      "DSGroupType": "Single",
      "DamageStates": [
        {
          "Weight": 1.0,
          "LongLeadTime": 0.0,
          "Consequences": {
            "RedTag": {
              "Amount": 0.4,
              "Beta": 0.5,
              "CurveType": "Normal",
              "Bounds": [
                0.0,
                1.0
              ]
            },
            "ReconstructionCost": {
              "Amount": [
                "82573.8657",
                "55049.2438"
              ],
              "Quantity": [
                5.0,
                15.0
              ],
              "CurveType": "Normal",
              "Beta": 0.2709,
              "Bounds": [
                0.0,
                "None"
              ]
            },
            "ReconstructionTime": {
              "Amount": [
                "54.6445",
                "36.4297"
              ],
              "Quantity": [
                5.0,
                15.0
              ],
              "CurveType": "Normal",
              "Beta": 0.3687,
              "Bounds": [
                0.0,
                "None"
              ]
            }
          },
          "Description": "Fracture of brace or gusset.  Buckling of gusset.  Severe yielding of beams and columns adjacent to the gusset with possibility of local buckling and cracking in the yielded areas.",
          "RepairMeasures": "Brace and gusset are severely damaged with significant loss in stiffness and resistance, and both likely require replacement. Yielding and local buckling of beams and columns may be repaired by heat straightening, stiffeners or reinforcement, if there is no cracking or tearing. If cracking or tearing has initiated more substantial repair is needed"
        }
      ]
    }
  ]
}