{
  "Name": "EBF Shear Link, with floor beams, link w < 200 PLF",
  "QuantityUnit": [
    1.0,
    "EA"
  ],
  "Directional": true,
  "Correlated": false,
  "EDP": {
    "Type": "Link Rotation Angle",
    "Unit": [
      1.0,
      "rad"
    ],
    "Offset": 0
  },
  "GeneralInformation": {
    "ID": "B1035.062b",
    "Description": "Costing is on a per connection basis.  Costing does not include fireproofing removal or reapplication cost.",
    "Author": "Not Given",
    "Official": true,
    "DateCreated": "2019-02-19T17:48:53.7526136-08:00",
    "Approved": true,
    "Incomplete": false,
    "Notes": "None"
  },
  "Ratings": {
    "DataQuality": "Superior",
    "DataRelevance": "Superior",
    "Documentation": "Superior",
    "Rationality": "Superior"
  },
  "DSGroups": [
    {
      "MedianEDP": "0.04",
      "Beta": "0.3",
      "CurveType": "LogNormal",
      "DSGroupType": "Single",
      "DamageStates": [
        {
          "Weight": 1.0,
          "LongLeadTime": 0.0,
          "Consequences": {
            "RedTag": {
              "Amount": 0.0,
              "Beta": 0.0,
              "CurveType": "Normal",
              "Bounds": [
                0.0,
                1.0
              ]
            },
            "ReconstructionCost": {
              "Amount": [
                "99120.0",
                "66080.0"
              ],
              "Quantity": [
                2.0,
                5.0
              ],
              "CurveType": "Normal",
              "Beta": 0.308,
              "Bounds": [
                0.0,
                "None"
              ]
            },
            "ReconstructionTime": {
              "Amount": [
                "65.5942",
                "43.7294"
              ],
              "Quantity": [
                2.0,
                5.0
              ],
              "CurveType": "Normal",
              "Beta": 0.3967,
              "Bounds": [
                0.0,
                "None"
              ]
            }
          },
          "Description": "Damage to concrete slab above the link beam.",
          "RepairMeasures": "Replace concrete slab and finishes in 400 SF at EBF link.",
          "DamageImageName": "B1035.061-DS1-1.JPG"
        }
      ]
    },
    {
      "MedianEDP": "0.06",
      "Beta": "0.3",
      "CurveType": "LogNormal",
      "DSGroupType": "Single",
      "DamageStates": [
        {
          "Weight": 1.0,
          "LongLeadTime": 0.0,
          "Consequences": {
            "RedTag": {
              "Amount": 0.5,
              "Beta": 0.5,
              "CurveType": "Normal",
              "Bounds": [
                0.0,
                1.0
              ]
            },
            "ReconstructionCost": {
              "Amount": [
                "109920.0",
                "73280.0"
              ],
              "Quantity": [
                2.0,
                5.0
              ],
              "CurveType": "Normal",
              "Beta": 0.2695,
              "Bounds": [
                0.0,
                "None"
              ]
            },
            "ReconstructionTime": {
              "Amount": [
                "72.7411",
                "48.4941"
              ],
              "Quantity": [
                2.0,
                5.0
              ],
              "CurveType": "Normal",
              "Beta": 0.3676,
              "Bounds": [
                0.0,
                "None"
              ]
            }
          },
          "Description": "Web local buckling, flange local buckling.",
          "RepairMeasures": "Heat straightening of buckled elements.",
          "DamageImageName": "B1035.061-DS2-1.JPG"
        }
      ]
    },
    {
      "MedianEDP": "0.08",
      "Beta": "0.3",
      "CurveType": "LogNormal",
      "DSGroupType": "Single",
      "DamageStates": [
        {
          "Weight": 1.0,
          "LongLeadTime": 0.0,
          "Consequences": {
            "RedTag": {
              "Amount": 0.25,
              "Beta": 0.5,
              "CurveType": "Normal",
              "Bounds": [
                0.0,
                1.0
              ]
            },
            "ReconstructionCost": {
              "Amount": [
                "168720.0",
                "112480.0"
              ],
              "Quantity": [
                2.0,
                5.0
              ],
              "CurveType": "Normal",
              "Beta": 0.194,
              "Bounds": [
                0.0,
                "None"
              ]
            },
            "ReconstructionTime": {
              "Amount": [
                "111.6529",
                "74.4353"
              ],
              "Quantity": [
                2.0,
                5.0
              ],
              "CurveType": "Normal",
              "Beta": 0.3164,
              "Bounds": [
                0.0,
                "None"
              ]
            }
          },
          "Description": "Initiation of fracture in the link beam and link flange.",
          "RepairMeasures": "Replace EBF link.",
          "DamageImageName": "B1035.061-DS3-1.JPG"
        }
      ]
    }
  ]
}