{
  "Name": "Special Concentric Braced Frame, design to AISC minimum standards, Chevron Brace, Brace w < 40 PLF",
  "QuantityUnit": [
    1.0,
    "EA"
  ],
  "Directional": true,
  "Correlated": false,
  "EDP": {
    "Type": "Story Drift Ratio",
    "Unit": [
      1.0,
      "ea"
    ],
    "Offset": 0
  },
  "GeneralInformation": {
    "ID": "B1033.031a",
    "Description": "Costing is on a per bay basis.  Costing does not include fireproofing removal or reapplication cost.",
    "Author": "Not Given",
    "Official": true,
    "DateCreated": "2019-02-19T17:48:35.540079-08:00",
    "Approved": true,
    "Incomplete": false,
    "Notes": "None"
  },
  "Ratings": {
    "DataQuality": "Superior",
    "DataRelevance": "Superior",
    "Documentation": "Superior",
    "Rationality": "Superior"
  },
  "DSGroups": [
    {
      "MedianEDP": "0.0074",
      "Beta": "0.3",
      "CurveType": "LogNormal",
      "DSGroupType": "Single",
      "DamageStates": [
        {
          "Weight": 1.0,
          "LongLeadTime": 0.0,
          "Consequences": {
            "RedTag": {
              "Amount": 0.6,
              "Beta": 0.5,
              "CurveType": "Normal",
              "Bounds": [
                0.0,
                1.0
              ]
            },
            "ReconstructionCost": {
              "Amount": [
                "39686.3448",
                "32470.6458"
              ],
              "Quantity": [
                3.0,
                10.0
              ],
              "CurveType": "Normal",
              "Beta": 0.3278,
              "Bounds": [
                0.0,
                "None"
              ]
            },
            "ReconstructionTime": {
              "Amount": [
                "26.263",
                "21.488"
              ],
              "Quantity": [
                3.0,
                10.0
              ],
              "CurveType": "Normal",
              "Beta": 0.4123,
              "Bounds": [
                0.0,
                "None"
              ]
            }
          },
          "Description": "Buckling of brace in excess of the brace depth.  Initiation of yielding and out-of-plane deformation of the gusset.  Initiation of cracking of welds of gusset.  Initiation of yielding in beams and columns adjacent to gusset.",
          "RepairMeasures": "Brace has lost significant axial capacity, and replacement of braces is likely required.  The gusset plate may have significant deformation and replacement may also be needed. Local beam and column yielding has occurred and straightening may be desirable for aesthetic reasons.",
          "DamageImageName": "B1033.001a-DS2-1.JPG"
        }
      ]
    },
    {
      "MedianEDP": "0.0121",
      "Beta": "0.25",
      "CurveType": "LogNormal",
      "DSGroupType": "Single",
      "DamageStates": [
        {
          "Weight": 1.0,
          "LongLeadTime": 0.0,
          "Consequences": {
            "RedTag": {
              "Amount": 0.4,
              "Beta": 0.5,
              "CurveType": "Normal",
              "Bounds": [
                0.0,
                1.0
              ]
            },
            "ReconstructionCost": {
              "Amount": [
                "44520.1241",
                "36425.5561"
              ],
              "Quantity": [
                3.0,
                10.0
              ],
              "CurveType": "Normal",
              "Beta": 0.3132,
              "Bounds": [
                0.0,
                "None"
              ]
            },
            "ReconstructionTime": {
              "Amount": [
                "29.4618",
                "24.1052"
              ],
              "Quantity": [
                3.0,
                10.0
              ],
              "CurveType": "Normal",
              "Beta": 0.4007,
              "Bounds": [
                0.0,
                "None"
              ]
            }
          },
          "Description": "Buckling of brace in excess of 2 time brace depth .  Yielding and out-of-plane deformation of gusset .  Cracking and tearing of welds and gussets adjacent to welds but crack length is less than critical for fracture .  Significant yielding and local buckling in beams and columns adjacent to gusset .  ",
          "RepairMeasures": "Brace has lost significant axial capacity, and replacement of braces is likely required.  The gusset plate may have significant deformation and replacement may also be needed. Local beam and column yielding has occurred and straightening may be desirable for aesthetic reasons.",
          "DamageImageName": "B1033.001a-DS3-1.JPG"
        }
      ]
    },
    {
      "MedianEDP": "0.0152",
      "Beta": "0.35",
      "CurveType": "LogNormal",
      "DSGroupType": "Single",
      "DamageStates": [
        {
          "Weight": 1.0,
          "LongLeadTime": 0.0,
          "Consequences": {
            "RedTag": {
              "Amount": 0.2,
              "Beta": 0.5,
              "CurveType": "Normal",
              "Bounds": [
                0.0,
                1.0
              ]
            },
            "ReconstructionCost": {
              "Amount": [
                "46390.1241",
                "37955.5561"
              ],
              "Quantity": [
                3.0,
                10.0
              ],
              "CurveType": "Normal",
              "Beta": 0.3082,
              "Bounds": [
                0.0,
                "None"
              ]
            },
            "ReconstructionTime": {
              "Amount": [
                "30.6993",
                "25.1177"
              ],
              "Quantity": [
                3.0,
                10.0
              ],
              "CurveType": "Normal",
              "Beta": 0.3968,
              "Bounds": [
                0.0,
                "None"
              ]
            }
          },
          "Description": "Fracture of brace or gusset.  Buckling of gusset.  Severe yielding of beams and columns adjacent to the gusset with possibility of local buckling and cracking in the yielded areas.",
          "RepairMeasures": "Brace and gusset are severely damaged with significant loss in stiffness and resistance, and both likely require replacement. Yielding and local buckling of beams and columns may be repaired by heat straightening, stiffeners or reinforcement, if there is no cracking or tearing. If cracking or tearing has initiated more substantial repair is needed",
          "DamageImageName": "B1033.011a-DS3-2.JPG"
        }
      ]
    }
  ]
}