{
  "Name": "Steel Buckling Restrained Brace (BRB), Chevron Brace, Weight of brace > 100 plf.",
  "QuantityUnit": [
    1.0,
    "EA"
  ],
  "Directional": true,
  "Correlated": false,
  "EDP": {
    "Type": "Story Drift Ratio",
    "Unit": [
      1.0,
      "ea"
    ],
    "Offset": 0
  },
  "GeneralInformation": {
    "ID": "B1033.101c",
    "Description": "None",
    "Author": "John Wallace",
    "Official": true,
    "DateCreated": "2019-02-19T17:48:48.4082174-08:00",
    "Approved": true,
    "Incomplete": false,
    "Notes": "None"
  },
  "Ratings": {
    "DataQuality": "Not Rated",
    "DataRelevance": "Not Rated",
    "Documentation": "Not Rated",
    "Rationality": "Not Rated"
  },
  "DSGroups": [
    {
      "MedianEDP": "0.02",
      "Beta": "0.4",
      "CurveType": "LogNormal",
      "DSGroupType": "Single",
      "DamageStates": [
        {
          "Weight": 1.0,
          "LongLeadTime": 0.0,
          "Consequences": {
            "ReconstructionCost": {
              "Amount": [
                "97802.0317",
                "60185.8657"
              ],
              "Quantity": [
                5.0,
                20.0
              ],
              "CurveType": "Normal",
              "Beta": 0.2653,
              "Bounds": [
                0.0,
                "None"
              ]
            },
            "ReconstructionTime": {
              "Amount": [
                "64.7219",
                "39.8289"
              ],
              "Quantity": [
                5.0,
                20.0
              ],
              "CurveType": "Normal",
              "Beta": 0.3645,
              "Bounds": [
                0.0,
                "None"
              ]
            }
          },
          "Description": "Fracture of brace or gusset.  Buckling of gusset.  Severe yielding of beams and columns adjacent to the gusset with possibility of local buckling and cracking in the yielded areas.  Severe loss of lateral resistance.",
          "RepairMeasures": "Brace and gusset are severely damaged with significant loss in stiffness and resistance, and both likely require replacement. Yielding and local buckling of beams and columns may be repaired by heat straightening, stiffeners or reinforcement, if there is no cracking or tearing. If cracking or tearing has initiated more substantial repair is needed."
        }
      ]
    }
  ]
}