{
  "Name": "Pre-Northridge WUF-B beam-column joint, beam both sides of column, beam depth >= W30",
  "QuantityUnit": [
    1.0,
    "EA"
  ],
  "Directional": true,
  "Correlated": false,
  "EDP": {
    "Type": "Story Drift Ratio",
    "Unit": [
      1.0,
      "ea"
    ],
    "Offset": 0
  },
  "GeneralInformation": {
    "ID": "B1035.052",
    "Description": "Costing is on a per bay basis.  Costing does not include fireproofing removal or reapplication cost.",
    "Author": "Greg Deierlein",
    "Official": true,
    "DateCreated": "2019-02-19T17:48:52.6359487-08:00",
    "Approved": true,
    "Incomplete": false,
    "Notes": "None"
  },
  "Ratings": {
    "DataQuality": "Average",
    "DataRelevance": "Average",
    "Documentation": "Superior",
    "Rationality": "Superior"
  },
  "DSGroups": [
    {
      "MedianEDP": "0.017",
      "Beta": "0.4",
      "CurveType": "LogNormal",
      "DSGroupType": "MutuallyExclusive",
      "DamageStates": [
        {
          "Weight": 0.75,
          "LongLeadTime": 0.0,
          "Consequences": {
            "RedTag": {
              "Amount": 0.5,
              "Beta": 0.5,
              "CurveType": "Normal",
              "Bounds": [
                0.0,
                1.0
              ]
            },
            "ReconstructionCost": {
              "Amount": [
                "21096.0",
                "14064.0"
              ],
              "Quantity": [
                5.0,
                30.0
              ],
              "CurveType": "Normal",
              "Beta": 0.3585,
              "Bounds": [
                0.0,
                "None"
              ]
            },
            "ReconstructionTime": {
              "Amount": [
                "12.4094",
                "8.273"
              ],
              "Quantity": [
                5.0,
                30.0
              ],
              "CurveType": "Normal",
              "Beta": 0.437,
              "Bounds": [
                0.0,
                "None"
              ]
            }
          },
          "Description": "Fracture of lower beam flange weld and failure of web bolts (shear tab connection), with fractures confined to the weld region. ",
          "RepairMeasures": "Repair will typically require gouging out and re-welding of the beam flange weld, repair of shear tab, and replacing shear bolts.  Repair and replace partitions at connection.",
          "DamageImageName": "B1035.041-DS1-1.JPG"
        },
        {
          "Weight": 0.25,
          "LongLeadTime": 0.0,
          "Consequences": {
            "RedTag": {
              "Amount": 0.5,
              "Beta": 0.5,
              "CurveType": "Normal",
              "Bounds": [
                0.0,
                1.0
              ]
            },
            "ReconstructionCost": {
              "Amount": [
                "22896.0",
                "15264.0"
              ],
              "Quantity": [
                5.0,
                30.0
              ],
              "CurveType": "Normal",
              "Beta": 0.3578,
              "Bounds": [
                0.0,
                "None"
              ]
            },
            "ReconstructionTime": {
              "Amount": [
                "13.4682",
                "8.9788"
              ],
              "Quantity": [
                5.0,
                30.0
              ],
              "CurveType": "Normal",
              "Beta": 0.4365,
              "Bounds": [
                0.0,
                "None"
              ]
            }
          },
          "Description": "Similar to DS1, except that fracture propagates into column flanges.",
          "RepairMeasures": "In addition to column measures for DS1, repairs to column will be necessary.  Cover plate, patch, or replace damaged column flange at connection.",
          "DamageImageName": "B1035.041-DS2-1.JPG"
        }
      ]
    },
    {
      "MedianEDP": "0.025",
      "Beta": "0.4",
      "CurveType": "LogNormal",
      "DSGroupType": "MutuallyExclusive",
      "DamageStates": [
        {
          "Weight": 0.75,
          "LongLeadTime": 0.0,
          "Consequences": {
            "RedTag": {
              "Amount": 0.5,
              "Beta": 0.5,
              "CurveType": "Normal",
              "Bounds": [
                0.0,
                1.0
              ]
            },
            "ReconstructionCost": {
              "Amount": [
                "28704.0",
                "19136.0"
              ],
              "Quantity": [
                5.0,
                30.0
              ],
              "CurveType": "Normal",
              "Beta": 0.349,
              "Bounds": [
                0.0,
                "None"
              ]
            },
            "ReconstructionTime": {
              "Amount": [
                "15.8023",
                "10.1741"
              ],
              "Quantity": [
                5.0,
                30.0
              ],
              "CurveType": "Normal",
              "Beta": 0.4293,
              "Bounds": [
                0.0,
                "None"
              ]
            }
          },
          "Description": "Fracture of upper beam flange weld, without DS1 type damage.  Fracture is confined to beam flange region. ",
          "RepairMeasures": "Repairs will be similar to those required for DS1, except that access to weld will likely require removal and replacement of a portion of the floor slab above the weld."
        },
        {
          "Weight": 0.25,
          "LongLeadTime": 0.0,
          "Consequences": {
            "RedTag": {
              "Amount": 0.5,
              "Beta": 0.5,
              "CurveType": "Normal",
              "Bounds": [
                0.0,
                1.0
              ]
            },
            "ReconstructionCost": {
              "Amount": [
                "28944.0",
                "19296.0"
              ],
              "Quantity": [
                5.0,
                30.0
              ],
              "CurveType": "Normal",
              "Beta": 0.3414,
              "Bounds": [
                0.0,
                "None"
              ]
            },
            "ReconstructionTime": {
              "Amount": [
                "17.0258",
                "11.3506"
              ],
              "Quantity": [
                5.0,
                30.0
              ],
              "CurveType": "Normal",
              "Beta": 0.4232,
              "Bounds": [
                0.0,
                "None"
              ]
            }
          },
          "Description": "Similar to DS3, except that fracture propagates into column flanges.",
          "RepairMeasures": "In addition to column measures for DS3, repairs to column will be necessary that will involve replacing a portion of the column flange."
        }
      ]
    },
    {
      "MedianEDP": "0.03",
      "Beta": "0.4",
      "CurveType": "LogNormal",
      "DSGroupType": "Single",
      "DamageStates": [
        {
          "Weight": 1.0,
          "LongLeadTime": 0.0,
          "Consequences": {
            "RedTag": {
              "Amount": 0.5,
              "Beta": 0.5,
              "CurveType": "Normal",
              "Bounds": [
                0.0,
                1.0
              ]
            },
            "ReconstructionCost": {
              "Amount": [
                "28704.0",
                "19136.0"
              ],
              "Quantity": [
                5.0,
                30.0
              ],
              "CurveType": "Normal",
              "Beta": 0.3306,
              "Bounds": [
                0.0,
                "None"
              ]
            },
            "ReconstructionTime": {
              "Amount": [
                "16.8847",
                "11.2565"
              ],
              "Quantity": [
                5.0,
                30.0
              ],
              "CurveType": "Normal",
              "Beta": 0.4145,
              "Bounds": [
                0.0,
                "None"
              ]
            }
          },
          "Description": "Fracture initiating at weld access hole and propagating through beam flange, possibly accompanied by local buckling deformations of web and flange. ",
          "RepairMeasures": "Repair is similar to that for DS1 except that a portion of the beam web and flange may need to be heat straightened or replaced."
        }
      ]
    }
  ]
}