{
  "Name": "Pre-Northridge WUF-B beam-column joint, beam one side of column, beam depth >= W30",
  "QuantityUnit": [
    1.0,
    "EA"
  ],
  "Directional": true,
  "Correlated": false,
  "EDP": {
    "Type": "Story Drift Ratio",
    "Unit": [
      1.0,
      "ea"
    ],
    "Offset": 0
  },
  "GeneralInformation": {
    "ID": "B1035.042",
    "Description": "Costing is on a per bay basis.  Costing does not include fireproofing removal or reapplication cost.",
    "Author": "Greg Deierlein",
    "Official": true,
    "DateCreated": "2019-02-19T17:48:52.0721179-08:00",
    "Approved": true,
    "Incomplete": false,
    "Notes": "None"
  },
  "Ratings": {
    "DataQuality": "Average",
    "DataRelevance": "Average",
    "Documentation": "Superior",
    "Rationality": "Superior"
  },
  "DSGroups": [
    {
      "MedianEDP": "0.017",
      "Beta": "0.4",
      "CurveType": "LogNormal",
      "DSGroupType": "MutuallyExclusive",
      "DamageStates": [
        {
          "Weight": 0.75,
          "LongLeadTime": 0.0,
          "Consequences": {
            "RedTag": {
              "Amount": 0.5,
              "Beta": 0.5,
              "CurveType": "Normal",
              "Bounds": [
                0.0,
                1.0
              ]
            },
            "ReconstructionCost": {
              "Amount": [
                "15072.0",
                "10048.0"
              ],
              "Quantity": [
                5.0,
                30.0
              ],
              "CurveType": "Normal",
              "Beta": 0.358,
              "Bounds": [
                0.0,
                "None"
              ]
            },
            "ReconstructionTime": {
              "Amount": [
                "8.8658",
                "5.9106"
              ],
              "Quantity": [
                5.0,
                30.0
              ],
              "CurveType": "Normal",
              "Beta": 0.4367,
              "Bounds": [
                0.0,
                "None"
              ]
            }
          },
          "Description": "Fracture of lower beam flange weld and failure of web bolts (shear tab connection), with fractures confined to the weld region. ",
          "RepairMeasures": "Repair will typically require gouging out and re-welding of the beam flange weld, repair of shear tab, and replacing shear bolts.  Repair and replace partitions at connection.",
          "DamageImageName": "B1035.041-DS1-1.JPG"
        },
        {
          "Weight": 0.25,
          "LongLeadTime": 0.0,
          "Consequences": {
            "RedTag": {
              "Amount": 0.5,
              "Beta": 0.5,
              "CurveType": "Normal",
              "Bounds": [
                0.0,
                1.0
              ]
            },
            "ReconstructionCost": {
              "Amount": [
                "17472.0",
                "11648.0"
              ],
              "Quantity": [
                5.0,
                30.0
              ],
              "CurveType": "Normal",
              "Beta": 0.3625,
              "Bounds": [
                0.0,
                "None"
              ]
            },
            "ReconstructionTime": {
              "Amount": [
                "10.2776",
                "6.8518"
              ],
              "Quantity": [
                5.0,
                30.0
              ],
              "CurveType": "Normal",
              "Beta": 0.4404,
              "Bounds": [
                0.0,
                "None"
              ]
            }
          },
          "Description": "Similar to DS1, except that fracture propagates into column flanges.",
          "RepairMeasures": "In addition to column measures for DS1, repairs to column will be necessary.  Cover plate, patch, or replace damaged column flange at connection.",
          "DamageImageName": "B1035.041-DS2-1.JPG"
        }
      ]
    },
    {
      "MedianEDP": "0.025",
      "Beta": "0.4",
      "CurveType": "LogNormal",
      "DSGroupType": "MutuallyExclusive",
      "DamageStates": [
        {
          "Weight": 0.75,
          "LongLeadTime": 0.0,
          "Consequences": {
            "RedTag": {
              "Amount": 0.5,
              "Beta": 0.5,
              "CurveType": "Normal",
              "Bounds": [
                0.0,
                1.0
              ]
            },
            "ReconstructionCost": {
              "Amount": [
                "17472.0",
                "11648.0"
              ],
              "Quantity": [
                5.0,
                30.0
              ],
              "CurveType": "Normal",
              "Beta": 0.3714,
              "Bounds": [
                0.0,
                "None"
              ]
            },
            "ReconstructionTime": {
              "Amount": [
                "11.7482",
                "8.3224"
              ],
              "Quantity": [
                5.0,
                30.0
              ],
              "CurveType": "Normal",
              "Beta": 0.4477,
              "Bounds": [
                0.0,
                "None"
              ]
            }
          },
          "Description": "Fracture of upper beam flange weld, without DS1 type damage.  Fracture is confined to beam flange region. ",
          "RepairMeasures": "Repairs will be similar to those required for DS1, except that access to weld will likely require removal and replacement of a portion of the floor slab above the weld."
        },
        {
          "Weight": 0.25,
          "LongLeadTime": 0.0,
          "Consequences": {
            "RedTag": {
              "Amount": 0.5,
              "Beta": 0.5,
              "CurveType": "Normal",
              "Bounds": [
                0.0,
                1.0
              ]
            },
            "ReconstructionCost": {
              "Amount": [
                "21120.0",
                "14080.0"
              ],
              "Quantity": [
                5.0,
                30.0
              ],
              "CurveType": "LogNormal",
              "Beta": 0.3688,
              "Bounds": [
                0.0,
                "None"
              ]
            },
            "ReconstructionTime": {
              "Amount": [
                "12.4235",
                "8.2823"
              ],
              "Quantity": [
                5.0,
                30.0
              ],
              "CurveType": "LogNormal",
              "Beta": 0.4455,
              "Bounds": [
                0.0,
                "None"
              ]
            }
          },
          "Description": "Similar to DS3, except that fracture propagates into column flanges.",
          "RepairMeasures": "In addition to column measures for DS3, repairs to column will be necessary that will involve replacing a portion of the column flange."
        }
      ]
    },
    {
      "MedianEDP": "0.03",
      "Beta": "0.4",
      "CurveType": "LogNormal",
      "DSGroupType": "Single",
      "DamageStates": [
        {
          "Weight": 1.0,
          "LongLeadTime": 0.0,
          "Consequences": {
            "RedTag": {
              "Amount": 0.5,
              "Beta": 0.5,
              "CurveType": "Normal",
              "Bounds": [
                0.0,
                1.0
              ]
            },
            "ReconstructionCost": {
              "Amount": [
                "17472.0",
                "11648.0"
              ],
              "Quantity": [
                5.0,
                30.0
              ],
              "CurveType": "LogNormal",
              "Beta": 0.3361,
              "Bounds": [
                0.0,
                "None"
              ]
            },
            "ReconstructionTime": {
              "Amount": [
                "10.2776",
                "6.8518"
              ],
              "Quantity": [
                5.0,
                30.0
              ],
              "CurveType": "LogNormal",
              "Beta": 0.4189,
              "Bounds": [
                0.0,
                "None"
              ]
            }
          },
          "Description": "Fracture initiating at weld access hole and propagating through beam flange, possibly accompanied by local buckling deformations of web and flange. ",
          "RepairMeasures": "Repair is similar to that for DS1 except that a portion of the beam web and flange may need to be heat straightened or replaced."
        }
      ]
    }
  ]
}