{
  "Name": "Braced frame, design for factored loads, no additional seismic detailing, X Brace, Brace w < 40 PLF",
  "QuantityUnit": [
    1.0,
    "EA"
  ],
  "Directional": true,
  "Correlated": false,
  "EDP": {
    "Type": "Story Drift Ratio",
    "Unit": [
      1.0,
      "ea"
    ],
    "Offset": 0
  },
  "GeneralInformation": {
    "ID": "B1033.073a",
    "Description": "Costing on a per bay basis, equivalent to current AISC R=3.  Braces may be HSS, WF, or Angle.  Costing does not include fireproofing removal or reapplication cost.",
    "Author": "Not Given",
    "Official": true,
    "DateCreated": "2019-02-19T17:48:46.9916425-08:00",
    "Approved": true,
    "Incomplete": false,
    "Notes": "Performance data has 1 damage state where as the cost data has 3 damage states.  The performance data listed in DS1 appears to correspond to the cost data currently shown in DS3\u2026  Please confirm if two additional damage state performances should be added or if only one cost damage state should be included."
  },
  "Ratings": {
    "DataQuality": "Not Rated",
    "DataRelevance": "Average",
    "Documentation": "Average",
    "Rationality": "Superior"
  },
  "DSGroups": [
    {
      "MedianEDP": "0.0042",
      "Beta": "0.25",
      "CurveType": "LogNormal",
      "DSGroupType": "Single",
      "DamageStates": [
        {
          "Weight": 1.0,
          "LongLeadTime": 0.0,
          "Consequences": {
            "RedTag": {
              "Amount": 0.2,
              "Beta": 0.5,
              "CurveType": "Normal",
              "Bounds": [
                0.0,
                1.0
              ]
            },
            "ReconstructionCost": {
              "Amount": [
                "54679.1006",
                "37181.7884"
              ],
              "Quantity": [
                3.0,
                7.0
              ],
              "CurveType": "Normal",
              "Beta": 0.3058,
              "Bounds": [
                0.0,
                "None"
              ]
            },
            "ReconstructionTime": {
              "Amount": [
                "36.1847",
                "24.6056"
              ],
              "Quantity": [
                3.0,
                7.0
              ],
              "CurveType": "Normal",
              "Beta": 0.395,
              "Bounds": [
                0.0,
                "None"
              ]
            }
          },
          "Description": "Fracture of brace or gusset.  Buckling of gusset.  Substantial loss of lateral resistance.  ",
          "RepairMeasures": "Brace and gusset are severely damaged with significant loss in stiffness and resistance, and both likely require replacement.  Yielding and local buckling of beams and columns may be repaired by heat straightening, stiffeners or reinforcement, if there is no cracking or tearing.  If cracking or tearing has initiated more substantial repair is needed."
        }
      ]
    }
  ]
}