{
  "Name": "Bolted shear tab gravity connections",
  "QuantityUnit": [
    1,
    "EA"
  ],
  "Directional": true,
  "Correlated": false,
  "EDP": {
    "Type": "Story Drift Ratio",
    "Unit": [
      1,
      "ea"
    ],
    "Offset": 0
  },
  "GeneralInformation": {
    "ID": "B1031.001",
    "Description": "Costing is on a per connection basis.  Costing does not include fireproofing removal or reapplication cost.",
    "Author": "Greg Deierlein",
    "Official": true,
    "DateCreated": "2019-02-19T17:48:25.4980925-08:00",
    "Approved": true,
    "Incomplete": false,
    "Notes": "None"
  },
  "Ratings": {
    "DataQuality": "Superior",
    "DataRelevance": "Superior",
    "Documentation": "Superior",
    "Rationality": "Superior"
  },
  "DSGroups": [
    {
      "MedianEDP": 0.04,
      "Beta": 0.4,
      "CurveType": "LogNormal",
      "DSGroupType": "MutuallyExclusive",
      "DamageStates": [
        {
          "Weight": 0.95,
          "LongLeadTime": false,
          "Consequences": {
            "RedTag": {
              "Amount": 0.0,
              "Beta": 0.0,
              "CurveType": "Normal",
              "Bounds": [
                0.0,
                1.0
              ]
            },
            "ReconstructionCost": {
              "Amount": [0.0,0.0],
              "Quantity": [
                5.0,
                20.0
              ],
              "CurveType": "LogNormal",
              "Beta": 0.25,
              "Bounds": [
                0,
                "None"
              ]
            },
            "ReconstructionTime": {
              "Amount": [0.0,0.0],
              "Quantity": [
                5.0,
                20.0
              ],
              "CurveType": "LogNormal",
              "Beta": 0.3536,
              "Bounds": [
                0,
                "None"
              ]
            }
          },
          "Description": "Yielding of shear tab and elongation of bolt holes, possible crack initiation around bolt holes or at shear tab weld.  Damage in field is either obscured or deemed to not warrant repair.  No repair conducted.",
          "RepairMeasures": "Careful inspection and welded repair to any cracks and possible replacement of shear tab if bolt hole deformations are excessive (possible for deeper 6-bolt or deeper shear tabs).  Field condition is deemed to not warrant repair by field observation.  This Damage State is Mutually Exclusive with DS2.  See fragility DS1 and DS2 probabilities.",
          "DamageImageName": "B1031.001-DS1-1.jpg"
        },
        {
          "Weight": 0.05,
          "LongLeadTime": false,
          "Consequences": {
            "RedTag": {
              "Amount": 0.0,
              "Beta": 0.0,
              "CurveType": "Normal",
              "Bounds": [
                0.0,
                1.0
              ]
            },
            "ReconstructionCost": {
              "Amount": [
                16536.0,
                10176.0
              ],
              "Quantity": [
                5.0,
                20.0
              ],
              "CurveType": "Normal",
              "Beta": 0.3706,
              "Bounds": [
                0,
                "None"
              ]
            },
            "ReconstructionTime": {
              "Amount": [
                16.0497,
                9.8767
              ],
              "Quantity": [
                5.0,
                20.0
              ],
              "CurveType": "Normal",
              "Beta": 0.447,
              "Bounds": [
                0,
                "None"
              ]
            }
          },
          "Description": "Yielding of shear tab and elongation of bolt holes, possible crack initiation around bolt holes or at shear tab weld. ",
          "RepairMeasures": "Careful inspection and welded repair to any cracks and possible replacement of shear tab if bolt hole deformations are excessive (possible for deeper 6-bolt or deeper shear tabs). ",
          "DamageImageName": "B1031.001-DS1-1.jpg"
        }
      ]
    },
    {
      "MedianEDP": 0.08,
      "Beta": 0.4,
      "CurveType": "LogNormal",
      "DSGroupType": "Single",
      "DamageStates": [
        {
          "Weight": 1.0,
          "LongLeadTime": false,
          "Consequences": {
            "RedTag": {
              "Amount": 0.2,
              "Beta": 0.5,
              "CurveType": "Normal",
              "Bounds": [
                0.0,
                1.0
              ]
            },
            "ReconstructionCost": {
              "Amount": [
                15564.0,
                11024.5
              ],
              "Quantity": [
                5.0,
                20.0
              ],
              "CurveType": "Normal",
              "Beta": 0.3789,
              "Bounds": [
                0,
                "None"
              ]
            },
            "ReconstructionTime": {
              "Amount": [
                15.1062,
                10.7002
              ],
              "Quantity": [
                5.0,
                20.0
              ],
              "CurveType": "Normal",
              "Beta": 0.4539,
              "Bounds": [
                0,
                "None"
              ]
            }
          },
          "Description": "Partial tearing of shear tab and possibility of bolt shear failure (6-bolt or deeper connections).",
          "RepairMeasures": "Repairs will include either welded repair of shear tab or possible complete replacement of shear tab and installation of new bolts.  Repairs may require shoring of beam.",
          "DamageImageName": "B1031.001-DS2-1.jpg"
        }
      ]
    },
    {
      "MedianEDP": 0.11,
      "Beta": 0.4,
      "CurveType": "LogNormal",
      "DSGroupType": "Single",
      "DamageStates": [
        {
          "Weight": 1.0,
          "LongLeadTime": false,
          "Consequences": {
            "RedTag": {
              "Amount": 0.1,
              "Beta": 0.5,
              "CurveType": "Normal",
              "Bounds": [
                0.0,
                1.0
              ]
            },
            "ReconstructionCost": {
              "Amount": [
                15264.0,
                10812.0
              ],
              "Quantity": [
                5.0,
                20.0
              ],
              "CurveType": "Normal",
              "Beta": 0.3836,
              "Bounds": [
                0,
                "None"
              ]
            },
            "ReconstructionTime": {
              "Amount": [
                14.8151,
                10.494
              ],
              "Quantity": [
                5.0,
                20.0
              ],
              "CurveType": "Normal",
              "Beta": 0.4579,
              "Bounds": [
                0,
                "None"
              ]
            }
          },
          "Description": "Complete separation of shear tab, close to complete loss of vertical load resistance. ",
          "RepairMeasures": "Repair will include complete replacement of shear tab and installation of new bolts. Repairs will require shoring of beam.",
          "DamageImageName": "B1031.001-DS3-1.jpg"
        }
      ]
    }
  ]
}