{
  "Name": "Steel Column Base Plates, Column W > 300 plf",
  "QuantityUnit": [
    1,
    "EA"
  ],
  "Directional": true,
  "Correlated": false,
  "EDP": {
    "Type": "Story Drift Ratio",
    "Unit": [
      1,
      "ea"
    ],
    "Offset": 0
  },
  "GeneralInformation": {
    "ID": "B1031.011c",
    "Description": "Costing is on a per connection basis.  Costing does not include fireproofing removal or reapplication cost.",
    "Author": "Greg Deierlein",
    "Official": true,
    "DateCreated": "2019-02-19T17:48:27.6104586-08:00",
    "Approved": true,
    "Incomplete": false,
    "Notes": "None"
  },
  "Ratings": {
    "DataQuality": "Superior",
    "DataRelevance": "Superior",
    "Documentation": "Superior",
    "Rationality": "Superior"
  },
  "DSGroups": [
    {
      "MedianEDP": 0.04,
      "Beta": 0.4,
      "CurveType": "LogNormal",
      "DSGroupType": "MutuallyExclusive",
      "DamageStates": [
        {
          "Weight": 0.95,
          "LongLeadTime": false,
          "Consequences": {
            "RedTag": {
              "Amount": 0.0,
              "Beta": 0.0,
              "CurveType": "Normal",
              "Bounds": [
                0.0,
                1.0
              ]
            },
            "ReconstructionCost": {
              "Amount": [0.0,0.0],
              "Quantity": [
                5.0,
                20.0
              ],
              "CurveType": "LogNormal",
              "Beta": 0.25,
              "Bounds": [
                0,
                "None"
              ]
            },
            "ReconstructionTime": {
              "Amount": [0.0,0.0],
              "Quantity": [
                5.0,
                20.0
              ],
              "CurveType": "LogNormal",
              "Beta": 0.3536,
              "Bounds": [
                0,
                "None"
              ]
            }
          },
          "Description": "Initiation of crack at the fusion line between the column flange and the base plate weld.  Damage in field is either obscured or deemed to not warrant repair.  No repair conducted.",
          "RepairMeasures": "The repair will involve removal of a portion of grade slab, gouging out material surrounding the fracture initiating and re-welding, then repair of slab. Field condition is deemed to not warrant repair by field observation.  This Damage State is Mutually Exclusive with DS2.  See fragility DS1 and DS2 probabilities.",
          "DamageImageName": "B1031.011a-schematic.JPG"
        },
        {
          "Weight": 0.05,
          "LongLeadTime": false,
          "Consequences": {
            "RedTag": {
              "Amount": 0.0,
              "Beta": 0.0,
              "CurveType": "Normal",
              "Bounds": [
                0.0,
                1.0
              ]
            },
            "ReconstructionCost": {
              "Amount": [
                27963.0,
                17208.0
              ],
              "Quantity": [
                5.0,
                20.0
              ],
              "CurveType": "LogNormal",
              "Beta": 0.3705,
              "Bounds": [
                0,
                "None"
              ]
            },
            "ReconstructionTime": {
              "Amount": [
                18.505,
                11.3877
              ],
              "Quantity": [
                5.0,
                20.0
              ],
              "CurveType": "LogNormal",
              "Beta": 0.447,
              "Bounds": [
                0,
                "None"
              ]
            }
          },
          "Description": "Initiation of crack at the fusion line between the column flange and the base plate weld.",
          "RepairMeasures": "The repair will involve removal of a portion of grade slab, gouging out material surrounding the fracture initiating and re-welding, then repair of slab. ",
          "DamageImageName": "B1031.011a-schematic.JPG"
        }
      ]
    },
    {
      "MedianEDP": 0.07,
      "Beta": 0.4,
      "CurveType": "LogNormal",
      "DSGroupType": "Single",
      "DamageStates": [
        {
          "Weight": 1.0,
          "LongLeadTime": false,
          "Consequences": {
            "RedTag": {
              "Amount": 0.25,
              "Beta": 0.5,
              "CurveType": "Normal",
              "Bounds": [
                0.0,
                1.0
              ]
            },
            "ReconstructionCost": {
              "Amount": [
                37464.0,
                26537.0
              ],
              "Quantity": [
                5.0,
                20.0
              ],
              "CurveType": "LogNormal",
              "Beta": 0.3104,
              "Bounds": [
                0,
                "None"
              ]
            },
            "ReconstructionTime": {
              "Amount": [
                24.7924,
                17.5613
              ],
              "Quantity": [
                5.0,
                20.0
              ],
              "CurveType": "LogNormal",
              "Beta": 0.3986,
              "Bounds": [
                0,
                "None"
              ]
            }
          },
          "Description": "Propagation of brittle crack into column and/or base plate. ",
          "RepairMeasures": "Depending on the crack trajectory, the repair will range from replacement of a portion of the column or base plate to full replacement of the column base. Replacement will require shoring of column, torch cutting to remove damaged material, and fabrication"
        }
      ]
    },
    {
      "MedianEDP": 0.1,
      "Beta": 0.4,
      "CurveType": "LogNormal",
      "DSGroupType": "Single",
      "DamageStates": [
        {
          "Weight": 1.0,
          "LongLeadTime": false,
          "Consequences": {
            "RedTag": {
              "Amount": 0.1,
              "Beta": 0.5,
              "CurveType": "Normal",
              "Bounds": [
                0.0,
                1.0
              ]
            },
            "ReconstructionCost": {
              "Amount": [
                47544.0,
                33677.0
              ],
              "Quantity": [
                5.0,
                20.0
              ],
              "CurveType": "LogNormal",
              "Beta": 0.2689,
              "Bounds": [
                0,
                "None"
              ]
            },
            "ReconstructionTime": {
              "Amount": [
                31.4629,
                22.2862
              ],
              "Quantity": [
                5.0,
                20.0
              ],
              "CurveType": "LogNormal",
              "Beta": 0.3672,
              "Bounds": [
                0,
                "None"
              ]
            }
          },
          "Description": "Complete fracture of the column (or column weld) and dislocation of column relative to the base.",
          "RepairMeasures": "Repair would likely involve replacing the entire base plate assembly and most of the column in the story above the base plate. "
        }
      ]
    }
  ]
}