{
  "Name": "Low-rise reinforced concrete walls with return flanges, 8\" to 16\" thick, 25' to 40' high",
  "QuantityUnit": [
    900.0,
    "SF"
  ],
  "Directional": true,
  "Correlated": false,
  "EDP": {
    "Type": "Story Drift Ratio",
    "Unit": [
      1.0,
      "ea"
    ],
    "Offset": 0
  },
  "GeneralInformation": {
    "ID": "B1044.043",
    "Description": "Costing for each 900 ft^2 Wall Panel, Orthogonal web reinforcement, f'c > 2500 psi, P/(A*f'c) <= 0.2",
    "Author": "Andrew Whittaker",
    "Official": true,
    "DateCreated": "2019-02-19T17:49:22.1840816-08:00",
    "Approved": true,
    "Incomplete": false,
    "Notes": "Full repair description does not fully fit on sheet - consider shortening.  Description will fit in PACT."
  },
  "Ratings": {
    "DataQuality": "Average",
    "DataRelevance": "Average",
    "Documentation": "Superior",
    "Rationality": "Superior"
  },
  "DSGroups": [
    {
      "MedianEDP": "0.0076",
      "Beta": "0.35",
      "CurveType": "LogNormal",
      "DSGroupType": "Single",
      "DamageStates": [
        {
          "Weight": 1.0,
          "LongLeadTime": 0.0,
          "Consequences": {
            "RedTag": {
              "Amount": 0.5,
              "Beta": 0.5,
              "CurveType": "Normal",
              "Bounds": [
                0.0,
                1.0
              ]
            },
            "ReconstructionCost": {
              "Amount": [
                "111567.8571",
                "75866.1429"
              ],
              "Quantity": [
                3.0,
                7.0
              ],
              "CurveType": "LogNormal",
              "Beta": 0.0776,
              "Bounds": [
                0.0,
                "None"
              ]
            },
            "ReconstructionTime": {
              "Amount": [
                "106.6491",
                "72.5225"
              ],
              "Quantity": [
                3.0,
                7.0
              ],
              "CurveType": "LogNormal",
              "Beta": 0.2618,
              "Bounds": [
                0.0,
                "None"
              ]
            }
          },
          "Description": "Crushed core concrete; localized concrete cracking with widths greater than 0.12 in; buckling of vertical rebar.",
          "RepairMeasures": "Remove furnishings, ceilings and mechanical, electrical and plumping systems (as necessary) 5 feet either side of damaged area.  Replace and repair finishes.  Replace furnishings, ceilings and mechanical, electrical and plumping systems (as necessary).",
          "DamageImageName": "B1044.031-DS1-1.JPG"
        }
      ]
    },
    {
      "MedianEDP": "0.0134",
      "Beta": "0.45",
      "CurveType": "LogNormal",
      "DSGroupType": "Single",
      "DamageStates": [
        {
          "Weight": 1.0,
          "LongLeadTime": 0.0,
          "Consequences": {
            "RedTag": {
              "Amount": 0.25,
              "Beta": 0.5,
              "CurveType": "Normal",
              "Bounds": [
                0.0,
                1.0
              ]
            },
            "ReconstructionCost": {
              "Amount": [
                "189675.0",
                "128979.0"
              ],
              "Quantity": [
                3.0,
                7.0
              ],
              "CurveType": "Normal",
              "Beta": 0.147,
              "Bounds": [
                0.0,
                "None"
              ]
            },
            "ReconstructionTime": {
              "Amount": [
                "181.3414",
                "123.3232"
              ],
              "Quantity": [
                3.0,
                7.0
              ],
              "CurveType": "Normal",
              "Beta": 0.29,
              "Bounds": [
                0.0,
                "None"
              ]
            }
          },
          "Description": "Sliding of the wall resulting in large residual displacement; distributed concrete cracking with widths greater than 0.12 in; fracture of rebar.",
          "RepairMeasures": "(1) Relocate eqpt.& furniture within 10 ft. of wall, both sides.  Install protection on floor & adjacent walls.  (2) Remove wall finishes, both sides.  (3) Relocate MEP within 10 ft. of wall.  (4) Remove damaged wall in 5-ft.lengths.  (5) Install bars: a. 12#9 A706 bars in bz ea. end; mech splices to (E) ; b. #4 A706 dbl sets of seismic ties at 4 in. oc ea bz; c. #4 A706 bar at 6 in. oc, ewef; lap new vert. bars to (E) at top of wall; drill & epoxy bars into wall/fdn at 6 in. oc to match new rebar above.  Anchor horiz.  Bars in bz with seismic hks or lap 24 in. with (E) horiz. bars.  (6) Form wall.  Cast 5ksi concrete in 3-ft. lifts; with 1-in. top gap for grout day after casting.  (7) Remove forms, clean-up & reinstall/return eqpt, finishes, furniture & MEP.",
          "DamageImageName": "B1044.031-DS2-1.JPG"
        }
      ]
    }
  ]
}