{
  "Name": "Concrete link beam, diagonally reinforced, aspect ratio between 1.0 and 2.0, beam < 16\" wide and depth < 30\"",
  "QuantityUnit": [
    1.0,
    "EA"
  ],
  "Directional": true,
  "Correlated": false,
  "EDP": {
    "Type": "Link Beam Chord Rotation",
    "Unit": [
      1.0,
      "rad"
    ],
    "Offset": 0
  },
  "GeneralInformation": {
    "ID": "B1042.001a",
    "Description": "None",
    "Author": "John Wallace",
    "Official": true,
    "DateCreated": "2019-02-19T17:49:34.3104426-08:00",
    "Approved": true,
    "Incomplete": false,
    "Notes": "None"
  },
  "Ratings": {
    "DataQuality": "Not Rated",
    "DataRelevance": "Not Rated",
    "Documentation": "Not Rated",
    "Rationality": "Not Rated"
  },
  "DSGroups": [
    {
      "MedianEDP": "0.0179",
      "Beta": "0.38",
      "CurveType": "LogNormal",
      "DSGroupType": "Single",
      "DamageStates": [
        {
          "Weight": 1.0,
          "LongLeadTime": 0.0,
          "Consequences": {
            "RedTag": {
              "Amount": 0.0,
              "Beta": 0.0,
              "CurveType": "Normal",
              "Bounds": [
                0.0,
                1.0
              ]
            },
            "ReconstructionCost": {
              "Amount": [
                "15487.2",
                "10324.8"
              ],
              "Quantity": [
                5.0,
                20.0
              ],
              "CurveType": "LogNormal",
              "Beta": 0.4384,
              "Bounds": [
                0.0,
                "None"
              ]
            },
            "ReconstructionTime": {
              "Amount": [
                "13.2097",
                "8.8065"
              ],
              "Quantity": [
                5.0,
                20.0
              ],
              "CurveType": "LogNormal",
              "Beta": 0.5047,
              "Bounds": [
                0.0,
                "None"
              ]
            }
          },
          "Description": "Residual cracks no greater than 1/16 inch.  Cracks are mainly at the beam to wall interface, some limited flexural cracking.",
          "RepairMeasures": "Epoxy inject cracks (200 to 240 inches in length)."
        }
      ]
    },
    {
      "MedianEDP": "0.0352",
      "Beta": "0.44",
      "CurveType": "LogNormal",
      "DSGroupType": "Single",
      "DamageStates": [
        {
          "Weight": 1.0,
          "LongLeadTime": 0.0,
          "Consequences": {
            "RedTag": {
              "Amount": 0.0,
              "Beta": 0.0,
              "CurveType": "Normal",
              "Bounds": [
                0.0,
                1.0
              ]
            },
            "ReconstructionCost": {
              "Amount": [
                "34128.0",
                "22752.0"
              ],
              "Quantity": [
                5.0,
                20.0
              ],
              "CurveType": "Normal",
              "Beta": 0.3646,
              "Bounds": [
                0.0,
                "None"
              ]
            },
            "ReconstructionTime": {
              "Amount": [
                "29.1091",
                "19.4061"
              ],
              "Quantity": [
                5.0,
                20.0
              ],
              "CurveType": "Normal",
              "Beta": 0.4421,
              "Bounds": [
                0.0,
                "None"
              ]
            }
          },
          "Description": "Residual cracks greater than 1/8 inch and minor spalling of concrete.",
          "RepairMeasures": "Epoxy inject cracks (600 to 720 inches) and slab (300 inches), replace spalled concrete."
        }
      ]
    },
    {
      "MedianEDP": "0.0543",
      "Beta": "0.95",
      "CurveType": "LogNormal",
      "DSGroupType": "Single",
      "DamageStates": [
        {
          "Weight": 1.0,
          "LongLeadTime": 0.0,
          "Consequences": {
            "RedTag": {
              "Amount": 0.25,
              "Beta": 0.5,
              "CurveType": "Normal",
              "Bounds": [
                0.0,
                1.0
              ]
            },
            "ReconstructionCost": {
              "Amount": [
                "53268.0",
                "35512.0"
              ],
              "Quantity": [
                5.0,
                20.0
              ],
              "CurveType": "Normal",
              "Beta": 0.3463,
              "Bounds": [
                0.0,
                "None"
              ]
            },
            "ReconstructionTime": {
              "Amount": [
                "45.4345",
                "30.2897"
              ],
              "Quantity": [
                5.0,
                20.0
              ],
              "CurveType": "Normal",
              "Beta": 0.4272,
              "Bounds": [
                0.0,
                "None"
              ]
            }
          },
          "Description": "Significant strength degradation (<0.8Vn), buckling or fracture of diagonal reinforcing, crushing of concrete.",
          "RepairMeasures": "Chip away damaged concrete, attached mechanical couplers to the diagonal bars still embedded in the wall, replace damaged or fractured reinforcing.  Replace damaged concrete.  "
        }
      ]
    }
  ]
}