{
  "Name": "Non-conforming MF, weak columns, Conc Col & Bm = 24\" x 24\", Beam both sides",
  "QuantityUnit": [
    1.0,
    "EA"
  ],
  "Directional": true,
  "Correlated": false,
  "EDP": {
    "Type": "Story Drift Ratio",
    "Unit": [
      1.0,
      "ea"
    ],
    "Offset": 0
  },
  "GeneralInformation": {
    "ID": "B1041.111b",
    "Description": "Non-Conforming MF, column flexure-shear or shear failure, column flexural response.  Meets the following requirements:  (1) [\u2026TBD\u2026]   Costing is on a per joint basis.",
    "Author": "Laura Lowes",
    "Official": true,
    "DateCreated": "2019-02-19T17:49:13.1577903-08:00",
    "Approved": true,
    "Incomplete": false,
    "Notes": "None"
  },
  "Ratings": {
    "DataQuality": "Marginal",
    "DataRelevance": "Average",
    "Documentation": "Superior",
    "Rationality": "Superior"
  },
  "DSGroups": [
    {
      "MedianEDP": "0.015",
      "Beta": "0.4",
      "CurveType": "LogNormal",
      "DSGroupType": "Single",
      "DamageStates": [
        {
          "Weight": 1.0,
          "LongLeadTime": 0.0,
          "Consequences": {
            "RedTag": {
              "Amount": 0.0,
              "Beta": 0.0,
              "CurveType": "Normal",
              "Bounds": [
                0.0,
                1.0
              ]
            },
            "ReconstructionCost": {
              "Amount": [
                "26775.0",
                "18207.0"
              ],
              "Quantity": [
                5.0,
                20.0
              ],
              "CurveType": "Normal",
              "Beta": 0.3909,
              "Bounds": [
                0.0,
                "None"
              ]
            },
            "ReconstructionTime": {
              "Amount": [
                "23.625",
                "16.065"
              ],
              "Quantity": [
                5.0,
                20.0
              ],
              "CurveType": "Normal",
              "Beta": 0.464,
              "Bounds": [
                0.0,
                "None"
              ]
            }
          },
          "Description": "Columns exhibit residual crack widths > 0.06 in.  No significant spalling.  No fracture or buckling of reinforcing.",
          "RepairMeasures": "Remove furnishings, ceilings and mechanical, electrical and plumbing systems (as necessary) 8 feet either side of damaged area.  Clean area adjacent to the damaged concrete.  Prepare spalled concrete and adjacent cracks, as necessary, to be patched and to receive the epoxy injection. Patch concrete with grout.  Replace and repair finishes. Replace furnishings, ceilings and mechanical, electrical and plumbing systems as necessary.\n",
          "DamageImageName": "B1041.051a-DS1-1.JPG"
        }
      ]
    },
    {
      "MedianEDP": "0.02",
      "Beta": "0.4",
      "CurveType": "LogNormal",
      "DSGroupType": "Single",
      "DamageStates": [
        {
          "Weight": 1.0,
          "LongLeadTime": 0.0,
          "Consequences": {
            "RedTag": {
              "Amount": 0.0,
              "Beta": 0.0,
              "CurveType": "Normal",
              "Bounds": [
                0.0,
                1.0
              ]
            },
            "ReconstructionCost": {
              "Amount": [
                "40602.5",
                "27609.7"
              ],
              "Quantity": [
                5.0,
                20.0
              ],
              "CurveType": "Normal",
              "Beta": 0.3183,
              "Bounds": [
                0.0,
                "None"
              ]
            },
            "ReconstructionTime": {
              "Amount": [
                "35.8257",
                "24.3615"
              ],
              "Quantity": [
                5.0,
                20.0
              ],
              "CurveType": "Normal",
              "Beta": 0.4048,
              "Bounds": [
                0.0,
                "None"
              ]
            }
          },
          "Description": "Columns exhibit residual crack widths > 0.06 in.  Spalling of cover concrete exposes column transverse reinforcement but not longitudinal reinforcement.  No fracture or buckling of reinforcing.",
          "RepairMeasures": "Remove furnishings, ceilings and mechanical, electrical and plumbing systems (as necessary) 15 feet either side of damaged area.  Shore damaged member(s) a minimum of one level below (more levels may be required).  Remove damaged concrete at least 1 inch beyond the exposed reinforcing steel.  Place concrete forms.  Place concrete. Remove forms.  Remove shores after one week.  Replace and repair finishes.  Replace furnishings, ceilings and mechanical, electrical and plumbing systems (as necessary).\n",
          "DamageImageName": "B1041.051a-DS2-1.JPG"
        }
      ]
    },
    {
      "MedianEDP": "0.025",
      "Beta": "0.4",
      "CurveType": "LogNormal",
      "DSGroupType": "Single",
      "DamageStates": [
        {
          "Weight": 1.0,
          "LongLeadTime": 0.0,
          "Consequences": {
            "RedTag": {
              "Amount": 0.1,
              "Beta": 0.5,
              "CurveType": "Normal",
              "Bounds": [
                0.0,
                1.0
              ]
            },
            "ReconstructionCost": {
              "Amount": [
                "49977.5",
                "33984.7"
              ],
              "Quantity": [
                5.0,
                20.0
              ],
              "CurveType": "Normal",
              "Beta": 0.3024,
              "Bounds": [
                0.0,
                "None"
              ]
            },
            "ReconstructionTime": {
              "Amount": [
                "44.0978",
                "29.9865"
              ],
              "Quantity": [
                5.0,
                20.0
              ],
              "CurveType": "Normal",
              "Beta": 0.3924,
              "Bounds": [
                0.0,
                "None"
              ]
            }
          },
          "Description": "Columns exhibit residual crack widths > 0.06 in.  Spalling of column cover concrete exposes a significant length of column longitudinal reinforcement.  Crushing of column core concrete may occur.  Fracture or buckling of reinforcing requiring replacement may occur.",
          "RepairMeasures": "Remove furnishings, ceilings and mechanical, electrical and plumbing systems (as necessary) 15 feet either side of damaged component. Shore damaged member(s) a minimum of one level below (more levels may be required).  Remove damaged component.  Place and splice (as necessary) new reinforcing steel to existing, undamaged reinforcing.  Place concrete forms.  Place concrete.  Remove forms.  Remove shores after one week.  Replace and repair finishes.  Replace furnishings, ceilings and mechanical, electrical and plumbing systems (as necessary).\n",
          "DamageImageName": "B1041.051a-DS3-1.JPG"
        }
      ]
    }
  ]
}