{
  "Name": "Concrete link beam, conventionally reinforced, aspect ratio between 2.0 and 4.0, beam < 16\" wide and depth < 30\"",
  "QuantityUnit": [
    1.0,
    "EA"
  ],
  "Directional": true,
  "Correlated": false,
  "EDP": {
    "Type": "Link Beam Chord Rotation",
    "Unit": [
      1.0,
      "rad"
    ],
    "Offset": 0
  },
  "GeneralInformation": {
    "ID": "B1042.002b",
    "Description": "None",
    "Author": "John Wallace",
    "Official": true,
    "DateCreated": "2019-02-19T17:49:35.2871495-08:00",
    "Approved": true,
    "Incomplete": false,
    "Notes": "None"
  },
  "Ratings": {
    "DataQuality": "Not Rated",
    "DataRelevance": "Not Rated",
    "Documentation": "Not Rated",
    "Rationality": "Not Rated"
  },
  "DSGroups": [
    {
      "MedianEDP": "0.013700000000000002",
      "Beta": "0.21",
      "CurveType": "LogNormal",
      "DSGroupType": "Single",
      "DamageStates": [
        {
          "Weight": 1.0,
          "LongLeadTime": 0.0,
          "Consequences": {
            "RedTag": {
              "Amount": 0.0,
              "Beta": 0.0,
              "CurveType": "Normal",
              "Bounds": [
                0.0,
                1.0
              ]
            },
            "ReconstructionCost": {
              "Amount": [
                "12693.6",
                "8462.4"
              ],
              "Quantity": [
                5.0,
                20.0
              ],
              "CurveType": "LogNormal",
              "Beta": 0.5158,
              "Bounds": [
                0.0,
                "None"
              ]
            },
            "ReconstructionTime": {
              "Amount": [
                "10.8269",
                "7.2179"
              ],
              "Quantity": [
                5.0,
                20.0
              ],
              "CurveType": "LogNormal",
              "Beta": 0.5732,
              "Bounds": [
                0.0,
                "None"
              ]
            }
          },
          "Description": "Residual cracks no greater than 1/16 inch.  Cracks are mainly at the beam to wall interface, some limited flexural cracking.",
          "RepairMeasures": "Epoxy inject cracks (200 to 240 inches in length)."
        }
      ]
    },
    {
      "MedianEDP": "0.026400000000000003",
      "Beta": "0.33",
      "CurveType": "LogNormal",
      "DSGroupType": "Single",
      "DamageStates": [
        {
          "Weight": 1.0,
          "LongLeadTime": 0.0,
          "Consequences": {
            "RedTag": {
              "Amount": 0.0,
              "Beta": 0.0,
              "CurveType": "Normal",
              "Bounds": [
                0.0,
                1.0
              ]
            },
            "ReconstructionCost": {
              "Amount": [
                "33408.0",
                "22272.0"
              ],
              "Quantity": [
                5.0,
                20.0
              ],
              "CurveType": "Normal",
              "Beta": 0.3673,
              "Bounds": [
                0.0,
                "None"
              ]
            },
            "ReconstructionTime": {
              "Amount": [
                "28.4951",
                "18.9967"
              ],
              "Quantity": [
                5.0,
                20.0
              ],
              "CurveType": "Normal",
              "Beta": 0.4443,
              "Bounds": [
                0.0,
                "None"
              ]
            }
          },
          "Description": "Residual cracks greater than 1/8 inch and minor spalling of concrete.",
          "RepairMeasures": "Epoxy inject cracks (600 to 720 inches) and slab (300 inches), replace spalled concrete."
        }
      ]
    },
    {
      "MedianEDP": "0.04070000000000001",
      "Beta": "0.75",
      "CurveType": "LogNormal",
      "DSGroupType": "Single",
      "DamageStates": [
        {
          "Weight": 1.0,
          "LongLeadTime": 0.0,
          "Consequences": {
            "RedTag": {
              "Amount": 0.25,
              "Beta": 0.5,
              "CurveType": "Normal",
              "Bounds": [
                0.0,
                1.0
              ]
            },
            "ReconstructionCost": {
              "Amount": [
                "49884.0",
                "33256.0"
              ],
              "Quantity": [
                5.0,
                20.0
              ],
              "CurveType": "Normal",
              "Beta": 0.3774,
              "Bounds": [
                0.0,
                "None"
              ]
            },
            "ReconstructionTime": {
              "Amount": [
                "42.5482",
                "28.3654"
              ],
              "Quantity": [
                5.0,
                20.0
              ],
              "CurveType": "Normal",
              "Beta": 0.4527,
              "Bounds": [
                0.0,
                "None"
              ]
            }
          },
          "Description": "Significant strength degradation (<0.8Vn), buckling or fracture of diagonal reinforcing, crushing of concrete.",
          "RepairMeasures": "Chip away damaged concrete, attached mechanical couplers to the diagonal bars still embedded in the wall, replace damaged or fractured reinforcing.  Replace damaged concrete.  "
        }
      ]
    }
  ]
}