{
  "Name": "Non-conforming MF, weak columns and strong joints, Conc Col & Bm = 36\" x 36\", Beam one side",
  "QuantityUnit": [
    1.0,
    "EA"
  ],
  "Directional": true,
  "Correlated": false,
  "EDP": {
    "Type": "Story Drift Ratio",
    "Unit": [
      1.0,
      "ea"
    ],
    "Offset": 0
  },
  "GeneralInformation": {
    "ID": "B1041.123a",
    "Description": "Non-Conforming MF, column flexure, flexure-shear, or shear failure, column flexural response.  Meets the following requirements:  (1) Column Pu > 0.6f'cAg, (2) Column Vn < Veq  Costing is on a per joint basis.",
    "Author": "Laura Lowes",
    "Official": true,
    "DateCreated": "2019-02-19T17:49:15.75801-08:00",
    "Approved": true,
    "Incomplete": false,
    "Notes": "None"
  },
  "Ratings": {
    "DataQuality": "Marginal",
    "DataRelevance": "Average",
    "Documentation": "Superior",
    "Rationality": "Superior"
  },
  "DSGroups": [
    {
      "MedianEDP": "0.0025",
      "Beta": "0.4",
      "CurveType": "LogNormal",
      "DSGroupType": "Single",
      "DamageStates": [
        {
          "Weight": 1.0,
          "LongLeadTime": 0.0,
          "Consequences": {
            "RedTag": {
              "Amount": 0.0,
              "Beta": 0.0,
              "CurveType": "Normal",
              "Bounds": [
                0.0,
                1.0
              ]
            },
            "ReconstructionCost": {
              "Amount": [
                "26775.0",
                "18207.0"
              ],
              "Quantity": [
                5.0,
                20.0
              ],
              "CurveType": "Normal",
              "Beta": 0.3909,
              "Bounds": [
                0.0,
                "None"
              ]
            },
            "ReconstructionTime": {
              "Amount": [
                "23.625",
                "16.065"
              ],
              "Quantity": [
                5.0,
                20.0
              ],
              "CurveType": "Normal",
              "Beta": 0.464,
              "Bounds": [
                0.0,
                "None"
              ]
            }
          },
          "Description": "Concrete Cracking: beams, joints or possibly. Residual concrete crack widths exceed 0.06in. (1.5 mm).  Column exhibits residual crack widths that require epoxy injection.\n",
          "RepairMeasures": "Remove furnishings, ceilings and mechanical, electrical and plumbing systems (as necessary) 8 feet either side of damaged area.  Clean area adjacent to the damaged concrete.  Prepare spalled concrete and adjacent cracks, as necessary, to be patched and to receive the epoxy injection. Patch concrete with grout.  Replace and repair finishes. Replace furnishings, ceilings and mechanical, electrical and plumbing systems as necessary.\n",
          "DamageImageName": "B1041.071a-DS1-2.JPG"
        }
      ]
    },
    {
      "MedianEDP": "0.005",
      "Beta": "0.5",
      "CurveType": "LogNormal",
      "DSGroupType": "Single",
      "DamageStates": [
        {
          "Weight": 1.0,
          "LongLeadTime": 0.0,
          "Consequences": {
            "RedTag": {
              "Amount": 0.1,
              "Beta": 0.5,
              "CurveType": "Normal",
              "Bounds": [
                0.0,
                1.0
              ]
            },
            "ReconstructionCost": {
              "Amount": [
                "51852.5",
                "35259.7"
              ],
              "Quantity": [
                5.0,
                20.0
              ],
              "CurveType": "Normal",
              "Beta": 0.2791,
              "Bounds": [
                0.0,
                "None"
              ]
            },
            "ReconstructionTime": {
              "Amount": [
                "45.7522",
                "31.1115"
              ],
              "Quantity": [
                5.0,
                20.0
              ],
              "CurveType": "Normal",
              "Beta": 0.3747,
              "Bounds": [
                0.0,
                "None"
              ]
            }
          },
          "Description": "Concrete Crushing: slabs, beams or joints. Spalling of beam, column or joint cover concrete exposes longitudinal reinforcement or strength loss initiates in laboratory testing.\nExhibits concrete spalling that exposes longitudinal steel or crushing of core concrete.\n",
          "RepairMeasures": "Remove furnishings, ceilings and mechanical, electrical and plumbing systems (as necessary) 15 feet either side of damaged component.  Shore damaged member(s) a minimum of one level below (more levels may be required).  Remove damaged component.  Place and splice (as necessary) new reinforcing steel to existing, undamaged reinforcing.  Place concrete forms.  Place concrete.  Remove forms.  Remove shores after one week.  Replace and repair finishes.  Replace furnishings, ceilings and mechanical, electrical and plumbing systems (as necessary).\n",
          "DamageImageName": "B1041.071a-DS2-1.JPG"
        }
      ]
    }
  ]
}