{
  "Name": "MF with SMF-conforming beam and column flexural and confinement reinforcement but weak joints , Conc Col & Bm = 24\" x 36\", Beam both sides",
  "QuantityUnit": [
    1.0,
    "EA"
  ],
  "Directional": true,
  "Correlated": false,
  "EDP": {
    "Type": "Story Drift Ratio",
    "Unit": [
      1.0,
      "ea"
    ],
    "Offset": 0
  },
  "GeneralInformation": {
    "ID": "B1041.012b",
    "Description": "Non-conforming SMF, joint shear damage, beam flexural response.  Meets the following requirements:  (1) Sum Mcol / Sum Mbeam > 1.2, (2) Column Pu < 0.6f'cAg, (3) Column flexural response with HIGH ductility, (4) Beam compliant transverse reinforcing with low beam V/bwd(f'c)^0.5, (5) Joints with compliant transverse reinforcing details with spacing < d(column)/2 and Joint V/Vn < 1.2.  Costing is on a per joint basis.",
    "Author": "Laura Lowes",
    "Official": true,
    "DateCreated": "2019-02-19T17:48:56.5777658-08:00",
    "Approved": true,
    "Incomplete": false,
    "Notes": "Note: DS4 is a copy of DS2 to create a mutually exclusive compliment to DS3."
  },
  "Ratings": {
    "DataQuality": "Average",
    "DataRelevance": "Average",
    "Documentation": "Superior",
    "Rationality": "Superior"
  },
  "DSGroups": [
    {
      "MedianEDP": "0.02",
      "Beta": "0.4",
      "CurveType": "LogNormal",
      "DSGroupType": "Single",
      "DamageStates": [
        {
          "Weight": 1.0,
          "LongLeadTime": 0.0,
          "Consequences": {
            "RedTag": {
              "Amount": 0.0,
              "Beta": 0.0,
              "CurveType": "Normal",
              "Bounds": [
                0.0,
                1.0
              ]
            },
            "ReconstructionCost": {
              "Amount": [
                "25704.0",
                "17136.0"
              ],
              "Quantity": [
                5.0,
                20.0
              ],
              "CurveType": "Normal",
              "Beta": 0.3909,
              "Bounds": [
                0.0,
                "None"
              ]
            },
            "ReconstructionTime": {
              "Amount": [
                "22.68",
                "15.12"
              ],
              "Quantity": [
                5.0,
                20.0
              ],
              "CurveType": "Normal",
              "Beta": 0.464,
              "Bounds": [
                0.0,
                "None"
              ]
            }
          },
          "Description": "Beams or joints exhibit residual crack widths > 0.06 in.  No significant spalling.  No fracture or buckling of reinforcing.",
          "RepairMeasures": "Remove furnishings, ceilings and mechanical, electrical and plumbing systems (as necessary) 8 feet either side of damaged area.  Clean area adjacent to the damaged concrete.  Prepare spalled concrete and adjacent cracks, as necessary, to be patched and to receive the epoxy injection.  Patch concrete with grout. Replace and repair finishes.  Replace furnishings, ceilings and mechanical, electrical and plumbing systems as necessary.",
          "DamageImageName": "B1041.001a-DS1-1.JPG"
        }
      ]
    },
    {
      "MedianEDP": "0.025",
      "Beta": "0.3",
      "CurveType": "LogNormal",
      "DSGroupType": "Single",
      "DamageStates": [
        {
          "Weight": 1.0,
          "LongLeadTime": 0.0,
          "Consequences": {
            "RedTag": {
              "Amount": 0.0,
              "Beta": 0.0,
              "CurveType": "Normal",
              "Bounds": [
                0.0,
                1.0
              ]
            },
            "ReconstructionCost": {
              "Amount": [
                "41378.4",
                "27585.6"
              ],
              "Quantity": [
                5.0,
                20.0
              ],
              "CurveType": "Normal",
              "Beta": 0.3055,
              "Bounds": [
                0.0,
                "None"
              ]
            },
            "ReconstructionTime": {
              "Amount": [
                "36.5104",
                "24.3402"
              ],
              "Quantity": [
                5.0,
                20.0
              ],
              "CurveType": "Normal",
              "Beta": 0.3948,
              "Bounds": [
                0.0,
                "None"
              ]
            }
          },
          "Description": "Beams or joints exhibit residual crack widths > 0.06 in. Spalling of cover concrete exposes beam and joint transverse reinforcement but not longitudinal reinforcement. No fracture or buckling of reinforcing.",
          "RepairMeasures": "Remove furnishings, ceilings and mechanical, electrical and\nplumbing systems (as necessary) 15 feet either side of\ndamaged area. Shore damaged member(s) a min one level below (more levels may be required). Remove damaged concrete at least 1 inch beyond the exposed\nreinforcing steel. Place concrete forms. Place concrete.\nRemove forms. Remove shores after one week. Replace and\nrepair finishes. Replace furnishings, ceilings and mechanical,\nelectrical and plumbing systems (as necessary).",
          "DamageImageName": "B1041.001a-DS2-1.JPG"
        }
      ]
    },
    {
      "MedianEDP": "0.04",
      "Beta": "0.3",
      "CurveType": "LogNormal",
      "DSGroupType": "MutuallyExclusive",
      "DamageStates": [
        {
          "Weight": 0.5,
          "LongLeadTime": 0.0,
          "Consequences": {
            "RedTag": {
              "Amount": 0.2,
              "Beta": 0.5,
              "CurveType": "Normal",
              "Bounds": [
                0.0,
                1.0
              ]
            },
            "ReconstructionCost": {
              "Amount": [
                "49178.4",
                "32785.6"
              ],
              "Quantity": [
                5.0,
                20.0
              ],
              "CurveType": "Normal",
              "Beta": 0.2948,
              "Bounds": [
                0.0,
                "None"
              ]
            },
            "ReconstructionTime": {
              "Amount": [
                "43.3927",
                "28.9285"
              ],
              "Quantity": [
                5.0,
                20.0
              ],
              "CurveType": "Normal",
              "Beta": 0.3865,
              "Bounds": [
                0.0,
                "None"
              ]
            }
          },
          "Description": "Beams or joints exhibit residual crack widths > 0.06 in. Spalling of cover concrete exposes a significant length of beam longitudinal reinforcement. Crushing of core concrete may occur. Fracture or buckling of reinforcing requiring replacement may occur.",
          "RepairMeasures": "Remove furnishings, ceilings and mechanical, electrical and plumbing systems (as necessary) 15 feet either side of damaged component. Shore damaged member(s) a minimum of one level below (more levels may be required).  Remove damaged component.  Place and splice (as necessary) new reinforcing steel to existing, undamaged reinforcing.  Place concrete forms.  Place concrete.  Remove forms.  Remove shores after one week.  Replace and repair finishes.  Replace furnishings, ceilings and mechanical, electrical and plumbing systems (as necessary).\n",
          "DamageImageName": "B1041.001a-DS3-1.JPG"
        },
        {
          "Weight": 0.5,
          "LongLeadTime": 0.0,
          "Consequences": {
            "RedTag": {
              "Amount": 0.0,
              "Beta": 0.0,
              "CurveType": "Normal",
              "Bounds": [
                0.0,
                1.0
              ]
            },
            "ReconstructionCost": {
              "Amount": [
                "41378.4",
                "27585.6"
              ],
              "Quantity": [
                5.0,
                20.0
              ],
              "CurveType": "Normal",
              "Beta": 0.3055,
              "Bounds": [
                0.0,
                "None"
              ]
            },
            "ReconstructionTime": {
              "Amount": [
                "36.5104",
                "24.3402"
              ],
              "Quantity": [
                5.0,
                20.0
              ],
              "CurveType": "Normal",
              "Beta": 0.3948,
              "Bounds": [
                0.0,
                "None"
              ]
            }
          },
          "Description": "Beams or joints exhibit residual crack widths > 0.06 in. Spalling of cover concrete exposes beam and joint transverse reinforcement but not longitudinal reinforcement. No fracture or buckling of reinforcing.",
          "RepairMeasures": "Remove furnishings, ceilings and mechanical, electrical and plumbing systems (as necessary) 15 feet either side of damaged area.  Shore damaged member(s) a min one level below (more levels may be required).  Remove damaged concrete at least 1 inch beyond the exposed reinforcing steel.  Place concrete forms.  Place concrete.   Remove forms.  Remove shores after one week.  Replace and repair finishes.  Replace furnishings, ceilings and mechanical, electrical and plumbing systems (as necessary).",
          "DamageImageName": "B1041.001a-DS2-1.JPG"
        }
      ]
    }
  ]
}