{
  "Name": "Slender Concrete Wall, 12\" thick, 12' high, 15' long",
  "QuantityUnit": [
    144.0,
    "SF"
  ],
  "Directional": true,
  "Correlated": false,
  "EDP": {
    "Type": "Story Drift Ratio",
    "Unit": [
      1.0,
      "ea"
    ],
    "Offset": 0
  },
  "GeneralInformation": {
    "ID": "B1044.091",
    "Description": "Slender concrete shear wall with aspect ratio greater than or equal to 2.0.  Costing assumes a 144 ft^2 wall panel.",
    "Author": "Not Given",
    "Official": true,
    "DateCreated": "2019-02-19T17:49:26.0379251-08:00",
    "Approved": true,
    "Incomplete": false,
    "Notes": "None"
  },
  "Ratings": {
    "DataQuality": "Superior",
    "DataRelevance": "Superior",
    "Documentation": "Superior",
    "Rationality": "Superior"
  },
  "DSGroups": [
    {
      "MedianEDP": "0.0090",
      "Beta": "0.5",
      "CurveType": "LogNormal",
      "DSGroupType": "Single",
      "DamageStates": [
        {
          "Weight": 1.0,
          "LongLeadTime": 0.0,
          "Consequences": {
            "RedTag": {
              "Amount": 0.0,
              "Beta": 0.0,
              "CurveType": "Normal",
              "Bounds": [
                0.0,
                1.0
              ]
            },
            "ReconstructionCost": {
              "Amount": [
                "7070.0",
                "4807.6"
              ],
              "Quantity": [
                3.0,
                7.0
              ],
              "CurveType": "LogNormal",
              "Beta": 0.3466,
              "Bounds": [
                0.0,
                "None"
              ]
            },
            "ReconstructionTime": {
              "Amount": [
                "5.5085",
                "3.7451"
              ],
              "Quantity": [
                3.0,
                7.0
              ],
              "CurveType": "LogNormal",
              "Beta": 0.4273,
              "Bounds": [
                0.0,
                "None"
              ]
            }
          },
          "Description": "Spalling of cover, vertical cracks greater than 1/16 inch.",
          "RepairMeasures": "Epoxy inject cracks and patch spalled concrete.",
          "DamageImageName": "B1044.091-DS1-1.JPG"
        }
      ]
    },
    {
      "MedianEDP": "0.0119",
      "Beta": "0.40",
      "CurveType": "LogNormal",
      "DSGroupType": "Single",
      "DamageStates": [
        {
          "Weight": 1.0,
          "LongLeadTime": 0.0,
          "Consequences": {
            "RedTag": {
              "Amount": 0.25,
              "Beta": 0.5,
              "CurveType": "Normal",
              "Bounds": [
                0.0,
                1.0
              ]
            },
            "ReconstructionCost": {
              "Amount": [
                "26702.0",
                "18157.36"
              ],
              "Quantity": [
                3.0,
                7.0
              ],
              "CurveType": "LogNormal",
              "Beta": 0.2424,
              "Bounds": [
                0.0,
                "None"
              ]
            },
            "ReconstructionTime": {
              "Amount": [
                "20.8088",
                "14.149"
              ],
              "Quantity": [
                3.0,
                7.0
              ],
              "CurveType": "LogNormal",
              "Beta": 0.3482,
              "Bounds": [
                0.0,
                "None"
              ]
            }
          },
          "Description": "Exposed longitudinal reinforcing.",
          "RepairMeasures": "Shore wall, remove all concrete in damaged regions, replace concrete.  ",
          "DamageImageName": "B1044.091-DS2-1.JPG"
        }
      ]
    },
    {
      "MedianEDP": "0.018600000000000002",
      "Beta": "0.42",
      "CurveType": "LogNormal",
      "DSGroupType": "Single",
      "DamageStates": [
        {
          "Weight": 1.0,
          "LongLeadTime": 0.0,
          "Consequences": {
            "RedTag": {
              "Amount": 0.1,
              "Beta": 0.5,
              "CurveType": "Normal",
              "Bounds": [
                0.0,
                1.0
              ]
            },
            "ReconstructionCost": {
              "Amount": [
                "50760.0",
                "34516.8"
              ],
              "Quantity": [
                3.0,
                7.0
              ],
              "CurveType": "LogNormal",
              "Beta": 0.1596,
              "Bounds": [
                0.0,
                "None"
              ]
            },
            "ReconstructionTime": {
              "Amount": [
                "39.5638",
                "26.9036"
              ],
              "Quantity": [
                3.0,
                7.0
              ],
              "CurveType": "LogNormal",
              "Beta": 0.2966,
              "Bounds": [
                0.0,
                "None"
              ]
            }
          },
          "Description": "Core concrete damage, buckled reinforcing, fractured reinforcing, shear failure, web failure, bond slip",
          "RepairMeasures": "Replace wall or reinforce with R/C jacket if possible.  Shore floor and wall, remove damaged concrete and steel within one development length of damaged region, replace removed concrete and steel.",
          "DamageImageName": "B1044.091-DS3-1.JPG"
        }
      ]
    }
  ]
}