{
  "Name": "Post-tensioned concrete flat slabs- columns without shear reinforcing  0.2<Vg/Vo<.0.4, with continuity reinf",
  "QuantityUnit": [
    1.0,
    "EA"
  ],
  "Directional": false,
  "Correlated": false,
  "EDP": {
    "Type": "Story Drift Ratio",
    "Unit": [
      1.0,
      "ea"
    ],
    "Offset": 0
  },
  "GeneralInformation": {
    "ID": "B1049.021b",
    "Description": "Costing is on a per joint basis.",
    "Author": "John Wallace",
    "Official": true,
    "DateCreated": "2019-02-19T17:49:31.4892892-08:00",
    "Approved": true,
    "Incomplete": false,
    "Notes": "None"
  },
  "Ratings": {
    "DataQuality": "Average",
    "DataRelevance": "Average",
    "Documentation": "Average",
    "Rationality": "Superior"
  },
  "DSGroups": [
    {
      "MedianEDP": "0.018",
      "Beta": "0.4",
      "CurveType": "LogNormal",
      "DSGroupType": "Single",
      "DamageStates": [
        {
          "Weight": 1.0,
          "LongLeadTime": 0.0,
          "Consequences": {
            "RedTag": {
              "Amount": 0.0,
              "Beta": 0.0,
              "CurveType": "Normal",
              "Bounds": [
                0.0,
                1.0
              ]
            },
            "ReconstructionCost": {
              "Amount": [
                "44537.5",
                "30285.5"
              ],
              "Quantity": [
                3.0,
                7.0
              ],
              "CurveType": "Normal",
              "Beta": 0.3535,
              "Bounds": [
                0.0,
                "None"
              ]
            },
            "ReconstructionTime": {
              "Amount": [
                "37.9879",
                "25.8318"
              ],
              "Quantity": [
                3.0,
                7.0
              ],
              "CurveType": "Normal",
              "Beta": 0.433,
              "Bounds": [
                0.0,
                "None"
              ]
            }
          },
          "Description": "Yield strain of the slab flexural reinforcement has been exceeded, spalling of concrete may/may not occur, slab exhibits large enough crack widths to allow epoxy injection.",
          "RepairMeasures": "Remove furnishings, ceilings and mechanical, electrical and plumping systems (as necessary) 5 feet either side of damaged area.  Replace and repair finishes.  Replace furnishings, ceilings and mechanical, electrical and plumping systems (as necessary).",
          "DamageImageName": "B1049.001a-DS1-1.JPG"
        }
      ]
    },
    {
      "MedianEDP": "0.03",
      "Beta": "0.4",
      "CurveType": "LogNormal",
      "DSGroupType": "Single",
      "DamageStates": [
        {
          "Weight": 1.0,
          "LongLeadTime": 0.0,
          "Consequences": {
            "RedTag": {
              "Amount": 0.2,
              "Beta": 0.5,
              "CurveType": "Normal",
              "Bounds": [
                0.0,
                1.0
              ]
            },
            "ReconstructionCost": {
              "Amount": [
                "49537.5",
                "33685.5"
              ],
              "Quantity": [
                3.0,
                7.0
              ],
              "CurveType": "Normal",
              "Beta": 0.3315,
              "Bounds": [
                0.0,
                "None"
              ]
            },
            "ReconstructionTime": {
              "Amount": [
                "42.2526",
                "28.7318"
              ],
              "Quantity": [
                3.0,
                7.0
              ],
              "CurveType": "Normal",
              "Beta": 0.4152,
              "Bounds": [
                0.0,
                "None"
              ]
            }
          },
          "Description": "Punching occurs, causing significant spalling of concrete. Epoxy injection is no longer expected to be sufficient to restore the required strength and stiffness to the slab and the slab-column connection. ",
          "RepairMeasures": "Prepare work area for epoxy injection, inject epoxy into 25 feet of crack (20 feet top, 5 feet bottom of slab) per 100 square feet of floor panel.  Fabricate new structural steel shear head (column capital) that attaches to the column beneath the slab.  ",
          "DamageImageName": "B1049.001a-DS2-1.JPG"
        }
      ]
    }
  ]
}