{
  "Name": "Reinforced concrete flat slabs drop panel or drop capital- columns without shear reinforcing  0.4<Vg/Vo<0.6, with continuity reinf",
  "QuantityUnit": [
    1.0,
    "EA"
  ],
  "Directional": false,
  "Correlated": false,
  "EDP": {
    "Type": "Story Drift Ratio",
    "Unit": [
      1.0,
      "ea"
    ],
    "Offset": 0
  },
  "GeneralInformation": {
    "ID": "B1049.042b",
    "Description": "Costing is on a per joint basis.",
    "Author": "John Wallace",
    "Official": true,
    "DateCreated": "2019-02-19T17:49:33.9995359-08:00",
    "Approved": true,
    "Incomplete": false,
    "Notes": "Fragilities were based on judgment due to lack of test data."
  },
  "Ratings": {
    "DataQuality": "Not Rated",
    "DataRelevance": "Marginal",
    "Documentation": "Average",
    "Rationality": "Superior"
  },
  "DSGroups": [
    {
      "MedianEDP": "0.017",
      "Beta": "0.5",
      "CurveType": "LogNormal",
      "DSGroupType": "Single",
      "DamageStates": [
        {
          "Weight": 1.0,
          "LongLeadTime": 0.0,
          "Consequences": {
            "RedTag": {
              "Amount": 0.0,
              "Beta": 0.0,
              "CurveType": "Normal",
              "Bounds": [
                0.0,
                1.0
              ]
            },
            "ReconstructionCost": {
              "Amount": [
                "44196.0",
                "29464.0"
              ],
              "Quantity": [
                3.0,
                7.0
              ],
              "CurveType": "Normal",
              "Beta": 0.3417,
              "Bounds": [
                0.0,
                "None"
              ]
            },
            "ReconstructionTime": {
              "Amount": [
                "37.6966",
                "25.131"
              ],
              "Quantity": [
                3.0,
                7.0
              ],
              "CurveType": "Normal",
              "Beta": 0.4234,
              "Bounds": [
                0.0,
                "None"
              ]
            }
          },
          "Description": "Yield strain of the slab flexural reinforcement has been exceeded.  Spalling of concrete may or may not occur.  Slab exhibits large enough crack widths to allow epoxy injection.",
          "RepairMeasures": "Remove furnishings, ceilings and mechanical, electrical and plumping systems (as necessary) 5 feet either side of damaged area.  Replace and repair finishes.  Replace furnishings, ceilings and mechanical, electrical and plumping systems (as necessary).",
          "DamageImageName": "B1049.042a-DS1-1.JPG"
        }
      ]
    },
    {
      "MedianEDP": "0.023",
      "Beta": "0.5",
      "CurveType": "LogNormal",
      "DSGroupType": "Single",
      "DamageStates": [
        {
          "Weight": 1.0,
          "LongLeadTime": 0.0,
          "Consequences": {
            "RedTag": {
              "Amount": 0.2,
              "Beta": 0.5,
              "CurveType": "Normal",
              "Bounds": [
                0.0,
                1.0
              ]
            },
            "ReconstructionCost": {
              "Amount": [
                "48996.0",
                "32664.0"
              ],
              "Quantity": [
                3.0,
                7.0
              ],
              "CurveType": "Normal",
              "Beta": 0.3217,
              "Bounds": [
                0.0,
                "None"
              ]
            },
            "ReconstructionTime": {
              "Amount": [
                "41.7907",
                "27.8605"
              ],
              "Quantity": [
                3.0,
                7.0
              ],
              "CurveType": "Normal",
              "Beta": 0.4075,
              "Bounds": [
                0.0,
                "None"
              ]
            }
          },
          "Description": "Punching occurs causing significant spalling of concrete.",
          "RepairMeasures": "Prepare work area for epoxy injection, inject epoxy into 55 feet of crack (40 feet top, 15 feet bottom of slab) per 100 square feet of floor panel.  Fabricate new structural steel shear head (column capital) that attaches to the column beneath the slab. ",
          "DamageImageName": "B1049.042a-DS2-1.JPG"
        }
      ]
    }
  ]
}