{
  "Name": "Slender Concrete Wall, 12\" thick, 12' high, 30' long",
  "QuantityUnit": [
    144.0,
    "SF"
  ],
  "Directional": true,
  "Correlated": false,
  "EDP": {
    "Type": "Effective Drift",
    "Unit": [
      1.0,
      "ea"
    ],
    "Offset": 0
  },
  "GeneralInformation": {
    "ID": "B1044.093",
    "Description": "Slender concrete shear wall with aspect ratio greater than or equal to 2.0.  Costing assumes a 144 ft^2 wall panel.",
    "Author": "Not Given",
    "Official": true,
    "DateCreated": "2019-02-19T17:49:26.6377451-08:00",
    "Approved": true,
    "Incomplete": false,
    "Notes": "None"
  },
  "Ratings": {
    "DataQuality": "Superior",
    "DataRelevance": "Superior",
    "Documentation": "Superior",
    "Rationality": "Superior"
  },
  "DSGroups": [
    {
      "MedianEDP": "0.009300000000000001",
      "Beta": "0.5",
      "CurveType": "LogNormal",
      "DSGroupType": "Single",
      "DamageStates": [
        {
          "Weight": 1.0,
          "LongLeadTime": 0.0,
          "Consequences": {
            "RedTag": {
              "Amount": 0.0,
              "Beta": 0.0,
              "CurveType": "Normal",
              "Bounds": [
                0.0,
                1.0
              ]
            },
            "ReconstructionCost": {
              "Amount": [
                "6070.0",
                "4127.6"
              ],
              "Quantity": [
                3.0,
                7.0
              ],
              "CurveType": "LogNormal",
              "Beta": 0.2715,
              "Bounds": [
                0.0,
                "None"
              ]
            },
            "ReconstructionTime": {
              "Amount": [
                "4.7334",
                "3.2195"
              ],
              "Quantity": [
                3.0,
                7.0
              ],
              "CurveType": "LogNormal",
              "Beta": 0.3691,
              "Bounds": [
                0.0,
                "None"
              ]
            }
          },
          "Description": "Spalling of cover, vertical cracks greater than 1/16 inch.",
          "RepairMeasures": "Epoxy inject cracks and patch spalled concrete.",
          "DamageImageName": "B1044.091-DS1-1.JPG"
        }
      ]
    },
    {
      "MedianEDP": "0.0128",
      "Beta": "0.35",
      "CurveType": "LogNormal",
      "DSGroupType": "Single",
      "DamageStates": [
        {
          "Weight": 1.0,
          "LongLeadTime": 0.0,
          "Consequences": {
            "RedTag": {
              "Amount": 0.25,
              "Beta": 0.5,
              "CurveType": "Normal",
              "Bounds": [
                0.0,
                1.0
              ]
            },
            "ReconstructionCost": {
              "Amount": [
                "14602.0",
                "9929.36"
              ],
              "Quantity": [
                3.0,
                7.0
              ],
              "CurveType": "LogNormal",
              "Beta": 0.2357,
              "Bounds": [
                0.0,
                "None"
              ]
            },
            "ReconstructionTime": {
              "Amount": [
                "11.377",
                "7.7351"
              ],
              "Quantity": [
                3.0,
                7.0
              ],
              "CurveType": "LogNormal",
              "Beta": 0.3436,
              "Bounds": [
                0.0,
                "None"
              ]
            }
          },
          "Description": "Exposed longitudinal reinforcing.",
          "RepairMeasures": "Shore wall, remove all concrete in damaged regions, replace concrete.  ",
          "DamageImageName": "B1044.091-DS2-1.JPG"
        }
      ]
    },
    {
      "MedianEDP": "0.018600000000000002",
      "Beta": "0.45",
      "CurveType": "LogNormal",
      "DSGroupType": "Single",
      "DamageStates": [
        {
          "Weight": 1.0,
          "LongLeadTime": 0.0,
          "Consequences": {
            "RedTag": {
              "Amount": 0.1,
              "Beta": 0.5,
              "CurveType": "Normal",
              "Bounds": [
                0.0,
                1.0
              ]
            },
            "ReconstructionCost": {
              "Amount": [
                "47295.0",
                "32160.6"
              ],
              "Quantity": [
                3.0,
                7.0
              ],
              "CurveType": "LogNormal",
              "Beta": 0.1311,
              "Bounds": [
                0.0,
                "None"
              ]
            },
            "ReconstructionTime": {
              "Amount": [
                "36.8637",
                "25.0677"
              ],
              "Quantity": [
                3.0,
                7.0
              ],
              "CurveType": "LogNormal",
              "Beta": 0.2823,
              "Bounds": [
                0.0,
                "None"
              ]
            }
          },
          "Description": "Core concrete damage, buckled reinforcing, fractured reinforcing, shear failure, web failure, bond slip",
          "RepairMeasures": "Replace wall or reinforce with R/C jacket if possible.  Shore floor and wall, remove damaged concrete and steel within one development length of damaged region, replace removed concrete and steel.",
          "DamageImageName": "B1044.091-DS3-1.JPG"
        }
      ]
    }
  ]
}