{
  "Name": "Special reinforced masonry walls with fully grouted cells, 16\" thick, shear dominated, greater than 12' tall",
  "QuantityUnit": [
    225.0,
    "SF"
  ],
  "Directional": true,
  "Correlated": false,
  "EDP": {
    "Type": "Story Drift Ratio",
    "Unit": [
      1.0,
      "ea"
    ],
    "Offset": 0
  },
  "GeneralInformation": {
    "ID": "B1052.012",
    "Description": "Costing for each 225 ft^2 Wall Panel",
    "Author": "Benson Shing",
    "Official": true,
    "DateCreated": "2019-02-19T17:49:43.6316454-08:00",
    "Approved": true,
    "Incomplete": false,
    "Notes": "None"
  },
  "Ratings": {
    "DataQuality": "Not Rated",
    "DataRelevance": "Marginal",
    "Documentation": "Average",
    "Rationality": "Superior"
  },
  "DSGroups": [
    {
      "MedianEDP": "0.0036",
      "Beta": "0.59",
      "CurveType": "LogNormal",
      "DSGroupType": "Single",
      "DamageStates": [
        {
          "Weight": 1.0,
          "LongLeadTime": 0.0,
          "Consequences": {
            "RedTag": {
              "Amount": 0.0,
              "Beta": 0.0,
              "CurveType": "Normal",
              "Bounds": [
                0.0,
                1.0
              ]
            },
            "ReconstructionCost": {
              "Amount": [
                "11962.5",
                "6380.0"
              ],
              "Quantity": [
                1.0,
                14.0
              ],
              "CurveType": "LogNormal",
              "Beta": 0.0831,
              "Bounds": [
                0.0,
                "None"
              ]
            },
            "ReconstructionTime": {
              "Amount": [
                "10.1961",
                "5.4346"
              ],
              "Quantity": [
                1.0,
                14.0
              ],
              "CurveType": "LogNormal",
              "Beta": 0.2634,
              "Bounds": [
                0.0,
                "None"
              ]
            }
          },
          "Description": "First occurrence of major diagonal cracks.  Cracks remain closed with hardly noticeable residual crack widths after load removal. ",
          "RepairMeasures": "Epoxy injection at cracks.  Paint each side.",
          "DamageImageName": "B1051.001-DS1-1.JPG"
        }
      ]
    },
    {
      "MedianEDP": "0.0059",
      "Beta": "0.51",
      "CurveType": "LogNormal",
      "DSGroupType": "Single",
      "DamageStates": [
        {
          "Weight": 1.0,
          "LongLeadTime": 0.0,
          "Consequences": {
            "RedTag": {
              "Amount": 0.25,
              "Beta": 0.5,
              "CurveType": "Normal",
              "Bounds": [
                0.0,
                1.0
              ]
            },
            "ReconstructionCost": {
              "Amount": [
                "27150.0",
                "15385.0"
              ],
              "Quantity": [
                1.0,
                14.0
              ],
              "CurveType": "Normal",
              "Beta": 0.109,
              "Bounds": [
                0.0,
                "None"
              ]
            },
            "ReconstructionTime": {
              "Amount": [
                "23.1541",
                "13.1193"
              ],
              "Quantity": [
                1.0,
                14.0
              ],
              "CurveType": "Normal",
              "Beta": 0.2727,
              "Bounds": [
                0.0,
                "None"
              ]
            }
          },
          "Description": "Wide diagonal cracks with typically one or more cracks in each direction.  Crushing or spalling at wall toes. ",
          "RepairMeasures": "Shore.  Demolish existing wall.  Construct new wall. ",
          "DamageImageName": "B1051.001-DS2-1.JPG"
        }
      ]
    }
  ]
}