{
  "Name": "Ordinary reinforced masonry walls with partially grouted cells, 4\" to 6\" thick, flexure dominated up to 12' tall",
  "QuantityUnit": [
    100.0,
    "SF"
  ],
  "Directional": true,
  "Correlated": false,
  "EDP": {
    "Type": "Story Drift Ratio",
    "Unit": [
      1.0,
      "ea"
    ],
    "Offset": 0
  },
  "GeneralInformation": {
    "ID": "B1051.003",
    "Description": "Costing for each 100 ft^2 Wall Panel",
    "Author": "Benson Shing",
    "Official": true,
    "DateCreated": "2019-02-19T17:49:38.8580779-08:00",
    "Approved": true,
    "Incomplete": false,
    "Notes": "None"
  },
  "Ratings": {
    "DataQuality": "Not Rated",
    "DataRelevance": "Marginal",
    "Documentation": "Average",
    "Rationality": "Superior"
  },
  "DSGroups": [
    {
      "MedianEDP": "0.0018",
      "Beta": "0.73",
      "CurveType": "LogNormal",
      "DSGroupType": "Single",
      "DamageStates": [
        {
          "Weight": 1.0,
          "LongLeadTime": 0.0,
          "Consequences": {
            "RedTag": {
              "Amount": 0.0,
              "Beta": 0.0,
              "CurveType": "Normal",
              "Bounds": [
                0.0,
                1.0
              ]
            },
            "ReconstructionCost": {
              "Amount": [
                "720.0",
                "480.0"
              ],
              "Quantity": [
                2.0,
                30.0
              ],
              "CurveType": "LogNormal",
              "Beta": 0.3584,
              "Bounds": [
                0.0,
                "None"
              ]
            },
            "ReconstructionTime": {
              "Amount": [
                "0.5635",
                "0.3765"
              ],
              "Quantity": [
                2.0,
                30.0
              ],
              "CurveType": "LogNormal",
              "Beta": 0.437,
              "Bounds": [
                0.0,
                "None"
              ]
            }
          },
          "Description": "A few flexural and shear cracks with hardly noticeable residual crack widths.  Slight yielding of extreme vertical reinforcement.  No spalling.  No fracture or buckling of vertical reinforcement.  No structurally significant damage. ",
          "RepairMeasures": "Cosmetic repair.  Patch cracks and paint each side. "
        }
      ]
    },
    {
      "MedianEDP": "0.0051",
      "Beta": "0.65",
      "CurveType": "LogNormal",
      "DSGroupType": "Single",
      "DamageStates": [
        {
          "Weight": 1.0,
          "LongLeadTime": 0.0,
          "Consequences": {
            "RedTag": {
              "Amount": 0.0,
              "Beta": 0.0,
              "CurveType": "Normal",
              "Bounds": [
                0.0,
                1.0
              ]
            },
            "ReconstructionCost": {
              "Amount": [
                "5040.0",
                "3360.0"
              ],
              "Quantity": [
                2.0,
                30.0
              ],
              "CurveType": "Normal",
              "Beta": 0.105,
              "Bounds": [
                0.0,
                "None"
              ]
            },
            "ReconstructionTime": {
              "Amount": [
                "3.9247",
                "2.6153"
              ],
              "Quantity": [
                2.0,
                30.0
              ],
              "CurveType": "Normal",
              "Beta": 0.2712,
              "Bounds": [
                0.0,
                "None"
              ]
            }
          },
          "Description": "Numerous flexural and diagonal cracks with residual crack widths less than 1/64 in.  Mild toe crushing with vertical cracks or light spalling at wall toes.  No fracture or buckling of reinforcement.  Small residual deformation. ",
          "RepairMeasures": "Remove loose masonry.  Patch spalls with non-shrink grout.  Grout wall.  Epoxy injection.  Paint each side.",
          "DamageImageName": "B1051.003-DS2-1.JPG"
        }
      ]
    },
    {
      "MedianEDP": "0.0086",
      "Beta": "0.56",
      "CurveType": "LogNormal",
      "DSGroupType": "Single",
      "DamageStates": [
        {
          "Weight": 1.0,
          "LongLeadTime": 0.0,
          "Consequences": {
            "RedTag": {
              "Amount": 0.25,
              "Beta": 0.5,
              "CurveType": "Normal",
              "Bounds": [
                0.0,
                1.0
              ]
            },
            "ReconstructionCost": {
              "Amount": [
                "7200.0",
                "4800.0"
              ],
              "Quantity": [
                2.0,
                30.0
              ],
              "CurveType": "Normal",
              "Beta": 0.1413,
              "Bounds": [
                0.0,
                "None"
              ]
            },
            "ReconstructionTime": {
              "Amount": [
                "5.6153",
                "3.7447"
              ],
              "Quantity": [
                2.0,
                30.0
              ],
              "CurveType": "Normal",
              "Beta": 0.2871,
              "Bounds": [
                0.0,
                "None"
              ]
            }
          },
          "Description": "Severe flexural cracks with residual crack widths greater than 1/32 in.  Severe toe crushing and spalling.  Fracture or buckling of vertical reinforcement.  Significant residual deformation.",
          "RepairMeasures": " Shore. - Demolish existing wall. - Construct new wall. ",
          "DamageImageName": "B1051.003-DS3-1.JPG"
        }
      ]
    }
  ]
}