{
  "Name": "Special reinforced masonry walls with fully grouted cells, 16\" thick, flexure dominated greater than 12' tall",
  "QuantityUnit": [
    225.0,
    "SF"
  ],
  "Directional": true,
  "Correlated": false,
  "EDP": {
    "Type": "Story Drift Ratio",
    "Unit": [
      1.0,
      "ea"
    ],
    "Offset": 0
  },
  "GeneralInformation": {
    "ID": "B1052.014",
    "Description": "Costing for each 225 ft^2 Wall Panel",
    "Author": "Benson Shing",
    "Official": true,
    "DateCreated": "2019-02-19T17:49:44.2674546-08:00",
    "Approved": true,
    "Incomplete": false,
    "Notes": "None"
  },
  "Ratings": {
    "DataQuality": "Not Rated",
    "DataRelevance": "Marginal",
    "Documentation": "Average",
    "Rationality": "Superior"
  },
  "DSGroups": [
    {
      "MedianEDP": "0.0031",
      "Beta": "0.47",
      "CurveType": "LogNormal",
      "DSGroupType": "Single",
      "DamageStates": [
        {
          "Weight": 1.0,
          "LongLeadTime": 0.0,
          "Consequences": {
            "RedTag": {
              "Amount": 0.0,
              "Beta": 0.0,
              "CurveType": "Normal",
              "Bounds": [
                0.0,
                1.0
              ]
            },
            "ReconstructionCost": {
              "Amount": [
                "2025.0",
                "1080.0"
              ],
              "Quantity": [
                1.0,
                14.0
              ],
              "CurveType": "LogNormal",
              "Beta": 0.3584,
              "Bounds": [
                0.0,
                "None"
              ]
            },
            "ReconstructionTime": {
              "Amount": [
                "1.7232",
                "0.9172"
              ],
              "Quantity": [
                1.0,
                14.0
              ],
              "CurveType": "LogNormal",
              "Beta": 0.437,
              "Bounds": [
                0.0,
                "None"
              ]
            }
          },
          "Description": "A few flexural and shear cracks with hardly noticeable residual crack widths.  Slight yielding of extreme vertical reinforcement.  No spalling.  No fracture or buckling of vertical reinforcement.  No structurally significant damage. ",
          "RepairMeasures": "Cosmetic repair.  Patch cracks and paint each side. "
        }
      ]
    },
    {
      "MedianEDP": "0.009",
      "Beta": "0.4",
      "CurveType": "LogNormal",
      "DSGroupType": "Single",
      "DamageStates": [
        {
          "Weight": 1.0,
          "LongLeadTime": 0.0,
          "Consequences": {
            "RedTag": {
              "Amount": 0.0,
              "Beta": 0.0,
              "CurveType": "Normal",
              "Bounds": [
                0.0,
                1.0
              ]
            },
            "ReconstructionCost": {
              "Amount": [
                "11962.5",
                "6778.75"
              ],
              "Quantity": [
                1.0,
                14.0
              ],
              "CurveType": "LogNormal",
              "Beta": 0.0831,
              "Bounds": [
                0.0,
                "None"
              ]
            },
            "ReconstructionTime": {
              "Amount": [
                "10.1961",
                "5.7747"
              ],
              "Quantity": [
                1.0,
                14.0
              ],
              "CurveType": "LogNormal",
              "Beta": 0.2634,
              "Bounds": [
                0.0,
                "None"
              ]
            }
          },
          "Description": "Numerous flexural and diagonal cracks with residual crack widths less than 1/64 in.  Mild toe crushing with vertical cracks or light spalling at wall toes.  No fracture or buckling of reinforcement.  Small residual deformation. ",
          "RepairMeasures": "Epoxy injection to repair cracks.  Remove loose masonry.  Patch spalls with non-shrink grout.  Paint each side. ",
          "DamageImageName": "B1051.003-DS2-1.JPG"
        }
      ]
    },
    {
      "MedianEDP": "0.0151",
      "Beta": "0.32",
      "CurveType": "LogNormal",
      "DSGroupType": "Single",
      "DamageStates": [
        {
          "Weight": 1.0,
          "LongLeadTime": 0.0,
          "Consequences": {
            "RedTag": {
              "Amount": 0.25,
              "Beta": 0.5,
              "CurveType": "Normal",
              "Bounds": [
                0.0,
                1.0
              ]
            },
            "ReconstructionCost": {
              "Amount": [
                "27150.0",
                "15385.0"
              ],
              "Quantity": [
                1.0,
                14.0
              ],
              "CurveType": "Normal",
              "Beta": 0.109,
              "Bounds": [
                0.0,
                "None"
              ]
            },
            "ReconstructionTime": {
              "Amount": [
                "23.1541",
                "13.1193"
              ],
              "Quantity": [
                1.0,
                14.0
              ],
              "CurveType": "Normal",
              "Beta": 0.2727,
              "Bounds": [
                0.0,
                "None"
              ]
            }
          },
          "Description": "Severe flexural cracks with residual crack widths greater than 1/32 in.  Severe toe crushing and spalling.  Fracture or buckling of vertical reinforcement.  Significant residual deformation.",
          "RepairMeasures": " Shore. - Demolish existing wall. - Construct new wall. ",
          "DamageImageName": "B1051.003-DS3-1.JPG"
        }
      ]
    }
  ]
}