{
  "Name": "Ordinary reinforced masonry walls with partially grouted cells, shear dominated, 16\" thick, up to 12 foot tall",
  "QuantityUnit": [
    100.0,
    "SF"
  ],
  "Directional": true,
  "Correlated": false,
  "EDP": {
    "Type": "Story Drift Ratio",
    "Unit": [
      1.0,
      "ea"
    ],
    "Offset": 0
  },
  "GeneralInformation": {
    "ID": "B1051.021",
    "Description": "Costing for each 100 ft^2 Wall Panel",
    "Author": "Benson Shing",
    "Official": true,
    "DateCreated": "2019-02-19T17:49:40.760507-08:00",
    "Approved": true,
    "Incomplete": false,
    "Notes": "None"
  },
  "Ratings": {
    "DataQuality": "Not Rated",
    "DataRelevance": "Marginal",
    "Documentation": "Average",
    "Rationality": "Superior"
  },
  "DSGroups": [
    {
      "MedianEDP": "0.002",
      "Beta": "0.86",
      "CurveType": "LogNormal",
      "DSGroupType": "Single",
      "DamageStates": [
        {
          "Weight": 1.0,
          "LongLeadTime": 0.0,
          "Consequences": {
            "RedTag": {
              "Amount": 0.0,
              "Beta": 0.0,
              "CurveType": "Normal",
              "Bounds": [
                0.0,
                1.0
              ]
            },
            "ReconstructionCost": {
              "Amount": [
                "5850.0",
                "3150.0"
              ],
              "Quantity": [
                2.0,
                30.0
              ],
              "CurveType": "Normal",
              "Beta": 0.098,
              "Bounds": [
                0.0,
                "None"
              ]
            },
            "ReconstructionTime": {
              "Amount": [
                "4.5622",
                "2.4578"
              ],
              "Quantity": [
                2.0,
                30.0
              ],
              "CurveType": "Normal",
              "Beta": 0.2685,
              "Bounds": [
                0.0,
                "None"
              ]
            }
          },
          "Description": "First occurrence of major diagonal cracks.  Cracks remain closed with hardly noticeable residual crack widths after load removal. ",
          "RepairMeasures": "Grout wall.  Epoxy injection.  Paint each side. ",
          "DamageImageName": "B1051.001-DS1-1.JPG"
        }
      ]
    },
    {
      "MedianEDP": "0.0033",
      "Beta": "0.77",
      "CurveType": "LogNormal",
      "DSGroupType": "Single",
      "DamageStates": [
        {
          "Weight": 1.0,
          "LongLeadTime": 0.0,
          "Consequences": {
            "RedTag": {
              "Amount": 0.25,
              "Beta": 0.5,
              "CurveType": "Normal",
              "Bounds": [
                0.0,
                1.0
              ]
            },
            "ReconstructionCost": {
              "Amount": [
                "10160.0",
                "6350.0"
              ],
              "Quantity": [
                2.0,
                30.0
              ],
              "CurveType": "Normal",
              "Beta": 0.1252,
              "Bounds": [
                0.0,
                "None"
              ]
            },
            "ReconstructionTime": {
              "Amount": [
                "7.9198",
                "4.9502"
              ],
              "Quantity": [
                2.0,
                30.0
              ],
              "CurveType": "Normal",
              "Beta": 0.2796,
              "Bounds": [
                0.0,
                "None"
              ]
            }
          },
          "Description": "Wide diagonal cracks with typically one or more cracks in each direction.  Crushing or spalling at wall toes. ",
          "RepairMeasures": "Shore.  Demolish existing wall.  Construct new wall. ",
          "DamageImageName": "B1051.001-DS2-1.JPG"
        }
      ]
    }
  ]
}