{
  "Name": "Cold formed steel walls with flat strap X-bracing, interior - gypsum board",
  "QuantityUnit": [
    100.0,
    "SF"
  ],
  "Directional": true,
  "Correlated": false,
  "EDP": {
    "Type": "Story Drift Ratio",
    "Unit": [
      1.0,
      "ea"
    ],
    "Offset": 0
  },
  "GeneralInformation": {
    "ID": "B1061.011a",
    "Description": "Costing for each 100 ft^2 Wall Panel.   Assumed framing:  33 mil cold formed steel framing with 4.5 inch x 33 mil flat strap X-bracing on one side.  Straps attached to gussets with No. 8 screws.",
    "Author": "Not Given",
    "Official": true,
    "DateCreated": "2019-02-19T17:49:45.2231678-08:00",
    "Approved": true,
    "Incomplete": false,
    "Notes": "None"
  },
  "Ratings": {
    "DataQuality": "Average",
    "DataRelevance": "Superior",
    "Documentation": "Average",
    "Rationality": "Superior"
  },
  "DSGroups": [
    {
      "MedianEDP": "0.0139",
      "Beta": "0.25",
      "CurveType": "LogNormal",
      "DSGroupType": "Single",
      "DamageStates": [
        {
          "Weight": 1.0,
          "LongLeadTime": 0.0,
          "Consequences": {
            "RedTag": {
              "Amount": 0.2,
              "Beta": 0.5,
              "CurveType": "Normal",
              "Bounds": [
                0.0,
                1.0
              ]
            },
            "ReconstructionCost": {
              "Amount": [
                "4051.6667",
                "2493.3333"
              ],
              "Quantity": [
                2.0,
                6.0
              ],
              "CurveType": "LogNormal",
              "Beta": 0.2404,
              "Bounds": [
                0.0,
                "None"
              ]
            },
            "ReconstructionTime": {
              "Amount": [
                "3.9375",
                "2.425"
              ],
              "Quantity": [
                2.0,
                6.0
              ],
              "CurveType": "LogNormal",
              "Beta": 0.3468,
              "Bounds": [
                0.0,
                "None"
              ]
            }
          },
          "Description": "Local buckling of chord studs.",
          "RepairMeasures": "Remove damaged wall, ceilings, X bracing as necessary, mechanical, electrical, and office furniture / equipment.  Temporarily protect floor and provide dust curtains.  Modify mechanical and electrical as required for repair work.  Replace gypsum wall board, metal stud framing as needed, reinstall X bracing as required, tape and sand, repaint.  ",
          "DamageImageName": "B1061.011-DS1-1.JPG"
        }
      ]
    },
    {
      "MedianEDP": "0.0179",
      "Beta": "0.25",
      "CurveType": "LogNormal",
      "DSGroupType": "Single",
      "DamageStates": [
        {
          "Weight": 1.0,
          "LongLeadTime": 0.0,
          "Consequences": {
            "RedTag": {
              "Amount": 0.1,
              "Beta": 0.5,
              "CurveType": "Normal",
              "Bounds": [
                0.0,
                1.0
              ]
            },
            "ReconstructionCost": {
              "Amount": [
                "4530.0",
                "3208.75"
              ],
              "Quantity": [
                2.0,
                6.0
              ],
              "CurveType": "Normal",
              "Beta": 0.0973,
              "Bounds": [
                0.0,
                "None"
              ]
            },
            "ReconstructionTime": {
              "Amount": [
                "4.3928",
                "3.1104"
              ],
              "Quantity": [
                2.0,
                6.0
              ],
              "CurveType": "Normal",
              "Beta": 0.2683,
              "Bounds": [
                0.0,
                "None"
              ]
            }
          },
          "Description": "Failure of many framing members and collapse.",
          "RepairMeasures": "Remove damaged wall, ceilings, X bracing as necessary, mechanical, electrical, and office furniture / equipment.  Temporarily protect floor and provide dust curtains.  Modify mechanical and electrical as required for repair work.  Replace gypsum wall board, boundary elements, metal stud framing, install X bracing, tape and sand, repaint.  ",
          "DamageImageName": "B1061.011-DS2-1.JPG"
        }
      ]
    }
  ]
}