{
  "Name": "Exterior Wall - Light framed wood walls with structural panel sheathing, gypsum wallboard no hold-downs",
  "QuantityUnit": [
    100.0,
    "SF"
  ],
  "Directional": true,
  "Correlated": false,
  "EDP": {
    "Type": "Story Drift Ratio",
    "Unit": [
      1.0,
      "ea"
    ],
    "Offset": 0
  },
  "GeneralInformation": {
    "ID": "B2011.101",
    "Description": "Costing for each 100 ft^2 Wall Panel.   Assumed framing:  1 SIDE: 3/8\" OSB or 15/32 ply with 8d box nails at 4 to 6 inches along panel edges and 12 inches field nailing. DF #2, 2x4@16 studs. 1 SIDE: 1/2 gypsum board. Panel 8 feet tall, 8 or 16 feet long with or without door and window openings, double top plate, single bottom plate, no hold-downs. ",
    "Author": "Andre Filiatrault",
    "Official": true,
    "DateCreated": "2019-02-19T17:49:50.3216378-08:00",
    "Approved": true,
    "Incomplete": false,
    "Notes": "Copy of B1071.001 for use as an exterior wall."
  },
  "Ratings": {
    "DataQuality": "Not Rated",
    "DataRelevance": "Marginal",
    "Documentation": "Average",
    "Rationality": "Superior"
  },
  "DSGroups": [
    {
      "MedianEDP": "0.01",
      "Beta": "0.4",
      "CurveType": "LogNormal",
      "DSGroupType": "Single",
      "DamageStates": [
        {
          "Weight": 1.0,
          "LongLeadTime": 0.0,
          "Consequences": {
            "RedTag": {
              "Amount": 0.0,
              "Beta": 0.0,
              "CurveType": "Normal",
              "Bounds": [
                0.0,
                1.0
              ]
            },
            "ReconstructionCost": {
              "Amount": [
                "2990.0",
                "1840.0"
              ],
              "Quantity": [
                3.0,
                8.0
              ],
              "CurveType": "LogNormal",
              "Beta": 0.2566,
              "Bounds": [
                0.0,
                "None"
              ]
            },
            "ReconstructionTime": {
              "Amount": [
                "2.3278",
                "1.4315"
              ],
              "Quantity": [
                3.0,
                8.0
              ],
              "CurveType": "LogNormal",
              "Beta": 0.3583,
              "Bounds": [
                0.0,
                "None"
              ]
            }
          },
          "Description": "Slight separation of sheathing or nails which come loose.",
          "RepairMeasures": "Remove exterior pliable siding, replace loose nails, reinstall siding.",
          "DamageImageName": "B1071.001-DS1-1.JPG"
        }
      ]
    },
    {
      "MedianEDP": "0.0175",
      "Beta": "0.4",
      "CurveType": "LogNormal",
      "DSGroupType": "Single",
      "DamageStates": [
        {
          "Weight": 1.0,
          "LongLeadTime": 0.0,
          "Consequences": {
            "RedTag": {
              "Amount": 0.5,
              "Beta": 0.5,
              "CurveType": "Normal",
              "Bounds": [
                0.0,
                1.0
              ]
            },
            "ReconstructionCost": {
              "Amount": [
                "3300.0",
                "2337.5"
              ],
              "Quantity": [
                3.0,
                8.0
              ],
              "CurveType": "LogNormal",
              "Beta": 0.3691,
              "Bounds": [
                0.0,
                "None"
              ]
            },
            "ReconstructionTime": {
              "Amount": [
                "2.5687",
                "1.8185"
              ],
              "Quantity": [
                3.0,
                8.0
              ],
              "CurveType": "LogNormal",
              "Beta": 0.4458,
              "Bounds": [
                0.0,
                "None"
              ]
            }
          },
          "Description": "Permanent rotation of sheathing, tear out of nails or sheathing.",
          "RepairMeasures": "Remove exterior pliable siding, remove wood sheathing, install new sheathing, reinstall siding.",
          "DamageImageName": "B1071.001-DS2-1.JPG"
        }
      ]
    },
    {
      "MedianEDP": "0.025",
      "Beta": "0.4",
      "CurveType": "LogNormal",
      "DSGroupType": "Single",
      "DamageStates": [
        {
          "Weight": 1.0,
          "LongLeadTime": 0.0,
          "Consequences": {
            "RedTag": {
              "Amount": 0.25,
              "Beta": 0.5,
              "CurveType": "Normal",
              "Bounds": [
                0.0,
                1.0
              ]
            },
            "ReconstructionCost": {
              "Amount": [
                "5400.0",
                "3825.0"
              ],
              "Quantity": [
                3.0,
                8.0
              ],
              "CurveType": "Normal",
              "Beta": 0.1098,
              "Bounds": [
                0.0,
                "None"
              ]
            },
            "ReconstructionTime": {
              "Amount": [
                "4.2115",
                "2.9839"
              ],
              "Quantity": [
                3.0,
                8.0
              ],
              "CurveType": "Normal",
              "Beta": 0.273,
              "Bounds": [
                0.0,
                "None"
              ]
            }
          },
          "Description": "Fracture of studs, major sill plate cracking.",
          "RepairMeasures": "Remove and replace siding, sheathing, studs and plates. Provide shoring as required. ",
          "DamageImageName": "B1071.001-DS3-1.JPG"
        }
      ]
    }
  ]
}