{
  "Name": "Exterior Wall - Cold formed steel walls with 22 or 31 mil steel sheathing, exterior - stucco one side",
  "QuantityUnit": [
    100.0,
    "SF"
  ],
  "Directional": true,
  "Correlated": false,
  "EDP": {
    "Type": "Story Drift Ratio",
    "Unit": [
      1.0,
      "ea"
    ],
    "Offset": 0
  },
  "GeneralInformation": {
    "ID": "B2011.021b",
    "Description": "Costing for each 100 ft^2 Wall Panel.   Assumed framing:  33 mil cold formed steel framing with 22 or 31 mil steel sheathing attached with No. 8 screws spaced 2\" or 6\" OC at perimeter and 12\" OC EW in the field.",
    "Author": "Not Given",
    "Official": true,
    "DateCreated": "2019-02-19T17:49:49.9987347-08:00",
    "Approved": true,
    "Incomplete": false,
    "Notes": "Copy of B1061.021b for use as an exterior wall."
  },
  "Ratings": {
    "DataQuality": "Average",
    "DataRelevance": "Superior",
    "Documentation": "Superior",
    "Rationality": "Superior"
  },
  "DSGroups": [
    {
      "MedianEDP": "0.019",
      "Beta": "0.25",
      "CurveType": "LogNormal",
      "DSGroupType": "Single",
      "DamageStates": [
        {
          "Weight": 1.0,
          "LongLeadTime": 0.0,
          "Consequences": {
            "RedTag": {
              "Amount": 0.2,
              "Beta": 0.5,
              "CurveType": "Normal",
              "Bounds": [
                0.0,
                1.0
              ]
            },
            "ReconstructionCost": {
              "Amount": [
                "3000.8333",
                "1846.6667"
              ],
              "Quantity": [
                2.0,
                6.0
              ],
              "CurveType": "LogNormal",
              "Beta": 0.2803,
              "Bounds": [
                0.0,
                "None"
              ]
            },
            "ReconstructionTime": {
              "Amount": [
                "2.3397",
                "1.4402"
              ],
              "Quantity": [
                2.0,
                6.0
              ],
              "CurveType": "LogNormal",
              "Beta": 0.3756,
              "Bounds": [
                0.0,
                "None"
              ]
            }
          },
          "Description": "Pull out of sheathing fasteners from studs.",
          "RepairMeasures": "Remove damaged wall, ceilings, wall finishes, mechanical, electrical, and office furniture / equipment.  Temporarily protect floor and provide dust curtains.  Modify mechanical and electrical as required for repair work.  Replace 20% of fasteners, replace gypsum wall board, stucco, tape, sand, paint.",
          "DamageImageName": "B1061.021-DS1-1.JPG"
        }
      ]
    },
    {
      "MedianEDP": "0.0253",
      "Beta": "0.25",
      "CurveType": "LogNormal",
      "DSGroupType": "Single",
      "DamageStates": [
        {
          "Weight": 1.0,
          "LongLeadTime": 0.0,
          "Consequences": {
            "RedTag": {
              "Amount": 0.1,
              "Beta": 0.5,
              "CurveType": "Normal",
              "Bounds": [
                0.0,
                1.0
              ]
            },
            "ReconstructionCost": {
              "Amount": [
                "5730.0",
                "4058.75"
              ],
              "Quantity": [
                2.0,
                6.0
              ],
              "CurveType": "LogNormal",
              "Beta": 0.1698,
              "Bounds": [
                0.0,
                "None"
              ]
            },
            "ReconstructionTime": {
              "Amount": [
                "4.4643",
                "3.1617"
              ],
              "Quantity": [
                2.0,
                6.0
              ],
              "CurveType": "LogNormal",
              "Beta": 0.3022,
              "Bounds": [
                0.0,
                "None"
              ]
            }
          },
          "Description": "Buckling of steel sheathing.  Buckling of framing members.",
          "RepairMeasures": "Remove damaged wall, ceilings, wall finishes, mechanical, electrical, and office furniture / equipment.  Temporarily protect floor and provide dust curtains.  Modify mechanical and electrical as required for repair work.  Install new sheathing, new metal stud framing as needed, replace gypsum wall board, stucco,, tape, sand, paint.",
          "DamageImageName": "B1061.021-DS2-1.JPG"
        }
      ]
    }
  ]
}