{
  "Name": "Storefront, Config: Monolithic, Lamination: Not laminated, Glass Type: Full tempered, Details: 3/8 in. (10 mm) FT monolithic, Corner Cond. Specimen, in-plane; glass-frame clearance = 0.5 in. (13 mm); aspect ratio = 1.93:1 sealant = wet",
  "QuantityUnit": [
    30.0,
    "SF"
  ],
  "Directional": true,
  "Correlated": false,
  "EDP": {
    "Type": "Story Drift Ratio",
    "Unit": [
      1.0,
      "ea"
    ],
    "Offset": 0
  },
  "GeneralInformation": {
    "ID": "B2023.032",
    "Description": "None",
    "Author": "By User",
    "Official": true,
    "DateCreated": "2019-02-19T17:50:04.84328-08:00",
    "Approved": true,
    "Incomplete": false,
    "Notes": "None"
  },
  "Ratings": {
    "DataQuality": "Not Rated",
    "DataRelevance": "Not Rated",
    "Documentation": "Not Rated",
    "Rationality": "Not Rated"
  },
  "DSGroups": [
    {
      "MedianEDP": "0.042",
      "Beta": "0.55",
      "CurveType": "LogNormal",
      "DSGroupType": "Single",
      "DamageStates": [
        {
          "Weight": 1.0,
          "LongLeadTime": 0.0,
          "Consequences": {
            "ReconstructionCost": {
              "Amount": [
                "2055.0",
                "1096.0"
              ],
              "Quantity": [
                20.0,
                100.0
              ],
              "CurveType": "LogNormal",
              "Beta": 0.1668,
              "Bounds": [
                0.0,
                "None"
              ]
            },
            "ReconstructionTime": {
              "Amount": [
                "0.9052",
                "0.4821"
              ],
              "Quantity": [
                20.0,
                100.0
              ],
              "CurveType": "LogNormal",
              "Beta": 0.3005,
              "Bounds": [
                0.0,
                "None"
              ]
            }
          },
          "Description": "Glass cracking.",
          "RepairMeasures": "Remove glass, replace frame, reinstall glass"
        }
      ]
    },
    {
      "MedianEDP": "0.05",
      "Beta": "1.0",
      "CurveType": "LogNormal",
      "DSGroupType": "Single",
      "DamageStates": [
        {
          "Weight": 1.0,
          "LongLeadTime": 0.0,
          "Consequences": {
            "ReconstructionCost": {
              "Amount": [
                "2055.0",
                "1096.0"
              ],
              "Quantity": [
                20.0,
                100.0
              ],
              "CurveType": "LogNormal",
              "Beta": 0.1668,
              "Bounds": [
                0.0,
                "None"
              ]
            },
            "ReconstructionTime": {
              "Amount": [
                "0.9052",
                "0.4821"
              ],
              "Quantity": [
                20.0,
                100.0
              ],
              "CurveType": "LogNormal",
              "Beta": 0.3005,
              "Bounds": [
                0.0,
                "None"
              ]
            }
          },
          "Description": "Frame Damage",
          "RepairMeasures": "Remove and replace frame and glass."
        }
      ]
    }
  ]
}