{
  "Name": "Generic Storefront, Config: IGU, Lamination: Unknown, Glass Type: Unknown, Details: Aspect ratio = 6:5,  Other details Unknown",
  "QuantityUnit": [
    30.0,
    "SF"
  ],
  "Directional": true,
  "Correlated": false,
  "EDP": {
    "Type": "Story Drift Ratio",
    "Unit": [
      1.0,
      "ea"
    ],
    "Offset": 0
  },
  "GeneralInformation": {
    "ID": "B2023.002",
    "Description": "None",
    "Author": "Not Given",
    "Official": true,
    "DateCreated": "2019-02-19T17:50:03.4976838-08:00",
    "Approved": true,
    "Incomplete": true,
    "Notes": "None"
  },
  "Ratings": {
    "DataQuality": "Superior",
    "DataRelevance": "Average",
    "Documentation": "Superior",
    "Rationality": "Superior"
  },
  "DSGroups": [
    {
      "MedianEDP": "0.0423",
      "Beta": "0.3",
      "CurveType": "LogNormal",
      "DSGroupType": "Single",
      "DamageStates": [
        {
          "Weight": 1.0,
          "LongLeadTime": 0.0,
          "Consequences": {
            "RedTag": {
              "Amount": 0.0,
              "Beta": 0.0,
              "CurveType": "Normal",
              "Bounds": [
                0.0,
                1.0
              ]
            },
            "Injuries": [
              {
                "Amount": "0.0",
                "Beta": 0.0,
                "CurveType": "Normal",
                "Bounds": [
                  0.0,
                  1.0
                ]
              },
              {
                "Amount": 0.0,
                "Beta": 0.0,
                "CurveType": "Normal",
                "Bounds": [
                  0.0,
                  1.0
                ]
              }
            ],
            "ReconstructionCost": {
              "Amount": [
                "924.0",
                "539.0"
              ],
              "Quantity": [
                44.0,
                434.0
              ],
              "CurveType": "LogNormal",
              "Beta": 0.2821,
              "Bounds": [
                0.0,
                "None"
              ]
            },
            "ReconstructionTime": {
              "Amount": [
                "0.6832",
                "0.4001"
              ],
              "Quantity": [
                44.0,
                434.0
              ],
              "CurveType": "LogNormal",
              "Beta": 0.3769,
              "Bounds": [
                0.0,
                "None"
              ]
            }
          },
          "Description": "Gasket seal failure.",
          "RepairMeasures": "Remove glass panel and replace damaged gaskets.  ",
          "DamageImageName": "B2022.003-DS1-1.JPG",
          "AffectedArea": [
            0.0,
            "SF"
          ]
        }
      ]
    },
    {
      "MedianEDP": "0.059",
      "Beta": "0.25",
      "CurveType": "LogNormal",
      "DSGroupType": "Single",
      "DamageStates": [
        {
          "Weight": 1.0,
          "LongLeadTime": 0.0,
          "Consequences": {
            "RedTag": {
              "Amount": 0.0,
              "Beta": 0.0,
              "CurveType": "Normal",
              "Bounds": [
                0.0,
                1.0
              ]
            },
            "Injuries": [
              {
                "Amount": 0.0,
                "Beta": 0.0,
                "CurveType": "Normal",
                "Bounds": [
                  0.0,
                  1.0
                ]
              },
              {
                "Amount": 0.0,
                "Beta": 0.0,
                "CurveType": "Normal",
                "Bounds": [
                  0.0,
                  1.0
                ]
              }
            ],
            "ReconstructionCost": {
              "Amount": [
                "U",
                "n"
              ],
              "Quantity": [
                44.0,
                434.0
              ],
              "CurveType": "LogNormal",
              "Beta": 0.1668,
              "Bounds": [
                0.0,
                "None"
              ]
            },
            "ReconstructionTime": {
              "Amount": [
                "1.02",
                "1.02"
              ],
              "Quantity": [
                44.0,
                434.0
              ],
              "CurveType": "LogNormal",
              "Beta": 0.3005,
              "Bounds": [
                0.0,
                "None"
              ]
            }
          },
          "Description": "Glass cracking.",
          "RepairMeasures": "Replace cracked glass panel.",
          "DamageImageName": "B2022.001a-DS1-1.JPG",
          "AffectedArea": [
            0.0,
            "SF"
          ]
        }
      ]
    },
    {
      "MedianEDP": "0.0665",
      "Beta": "0.35",
      "CurveType": "LogNormal",
      "DSGroupType": "Single",
      "DamageStates": [
        {
          "Weight": 1.0,
          "LongLeadTime": 0.0,
          "Consequences": {
            "RedTag": {
              "Amount": 0.5,
              "Beta": 0.5,
              "CurveType": "Normal",
              "Bounds": [
                0.0,
                1.0
              ]
            },
            "Injuries": [
              {
                "Amount": 0.25,
                "Beta": 0.5,
                "CurveType": "Normal",
                "Bounds": [
                  0.0,
                  1.0
                ]
              },
              {
                "Amount": 0.0,
                "Beta": 0.0,
                "CurveType": "Normal",
                "Bounds": [
                  0.0,
                  1.0
                ]
              }
            ],
            "ReconstructionCost": {
              "Amount": [
                "U",
                "n"
              ],
              "Quantity": [
                44.0,
                434.0
              ],
              "CurveType": "LogNormal",
              "Beta": 0.1668,
              "Bounds": [
                0.0,
                "None"
              ]
            },
            "ReconstructionTime": {
              "Amount": [
                "1.02",
                "1.02"
              ],
              "Quantity": [
                44.0,
                434.0
              ],
              "CurveType": "LogNormal",
              "Beta": 0.3005,
              "Bounds": [
                0.0,
                "None"
              ]
            }
          },
          "Description": "Glass falls out.",
          "RepairMeasures": "Replace cracked glass panel; cover exposure in meantime.",
          "DamageImageName": "B2022.001a-DS2-1.JPG",
          "AffectedArea": [
            36.0,
            "SF"
          ]
        }
      ]
    }
  ]
}