{
  "Name": "Midrise stick-built curtain wall, Config: Monolithic, Lamination: Not laminated, Glass Type: Annealed, Details: 1/4 in. (6 mm) AN monolithic; glass-frame clearance = 0.43 in. (11 mm); aspect ratio = 6:5 sealant = dry",
  "QuantityUnit": [
    30.0,
    "SF"
  ],
  "Directional": true,
  "Correlated": false,
  "EDP": {
    "Type": "Story Drift Ratio",
    "Unit": [
      1.0,
      "ea"
    ],
    "Offset": 0
  },
  "GeneralInformation": {
    "ID": "B2022.039",
    "Description": "None",
    "Author": "By User",
    "Official": true,
    "DateCreated": "2019-02-19T17:49:57.375521-08:00",
    "Approved": true,
    "Incomplete": false,
    "Notes": "None"
  },
  "Ratings": {
    "DataQuality": "Not Rated",
    "DataRelevance": "Not Rated",
    "Documentation": "Not Rated",
    "Rationality": "Not Rated"
  },
  "DSGroups": [
    {
      "MedianEDP": "0.027",
      "Beta": "0.26",
      "CurveType": "LogNormal",
      "DSGroupType": "Single",
      "DamageStates": [
        {
          "Weight": 1.0,
          "LongLeadTime": 0.0,
          "Consequences": {
            "RedTag": {
              "Amount": 0.0,
              "Beta": 0.0,
              "CurveType": "Normal",
              "Bounds": [
                0.0,
                1.0
              ]
            },
            "Injuries": [
              {
                "Amount": "0.0",
                "Beta": 0.0,
                "CurveType": "Normal",
                "Bounds": [
                  0.0,
                  1.0
                ]
              },
              {
                "Amount": 0.0,
                "Beta": 0.0,
                "CurveType": "Normal",
                "Bounds": [
                  0.0,
                  1.0
                ]
              }
            ],
            "ReconstructionCost": {
              "Amount": [
                "2955.0",
                "1576.0"
              ],
              "Quantity": [
                20.0,
                100.0
              ],
              "CurveType": "LogNormal",
              "Beta": 0.1185,
              "Bounds": [
                0.0,
                "None"
              ]
            },
            "ReconstructionTime": {
              "Amount": [
                "1.3046",
                "0.6962"
              ],
              "Quantity": [
                20.0,
                100.0
              ],
              "CurveType": "LogNormal",
              "Beta": 0.2767,
              "Bounds": [
                0.0,
                "None"
              ]
            }
          },
          "Description": "Glass cracking.",
          "RepairMeasures": "Replace cracked glass panel.  ",
          "AffectedArea": [
            0.0,
            "SF"
          ]
        }
      ]
    },
    {
      "MedianEDP": "0.029",
      "Beta": "0.26",
      "CurveType": "LogNormal",
      "DSGroupType": "Single",
      "DamageStates": [
        {
          "Weight": 1.0,
          "LongLeadTime": 0.0,
          "Consequences": {
            "RedTag": {
              "Amount": 0.9,
              "Beta": 0.5,
              "CurveType": "Normal",
              "Bounds": [
                0.0,
                1.0
              ]
            },
            "Injuries": [
              {
                "Amount": 0.02,
                "Beta": 0.5,
                "CurveType": "Normal",
                "Bounds": [
                  0.0,
                  1.0
                ]
              },
              {
                "Amount": 0.0,
                "Beta": 0.0,
                "CurveType": "Normal",
                "Bounds": [
                  0.0,
                  1.0
                ]
              }
            ],
            "ReconstructionCost": {
              "Amount": [
                "2955.0",
                "1576.0"
              ],
              "Quantity": [
                20.0,
                100.0
              ],
              "CurveType": "LogNormal",
              "Beta": 0.1185,
              "Bounds": [
                0.0,
                "None"
              ]
            },
            "ReconstructionTime": {
              "Amount": [
                "1.3046",
                "0.6962"
              ],
              "Quantity": [
                20.0,
                100.0
              ],
              "CurveType": "LogNormal",
              "Beta": 0.2767,
              "Bounds": [
                0.0,
                "None"
              ]
            }
          },
          "Description": "Glass falls from frame.",
          "RepairMeasures": "Replace cracked glass panel; cover exposure in meantime.",
          "AffectedArea": [
            36.0,
            "SF"
          ]
        }
      ]
    }
  ]
}