{
  "Name": "Clay tile roof, tiles secured and compliant with UBC94",
  "QuantityUnit": [
    100.0,
    "SF"
  ],
  "Directional": false,
  "Correlated": false,
  "EDP": {
    "Type": "Peak Floor Acceleration",
    "Unit": [
      1.0,
      "g"
    ],
    "Offset": 0
  },
  "GeneralInformation": {
    "ID": "B3011.012",
    "Description": "Costing per roofing square (100 SF)",
    "Author": "Not Given",
    "Official": true,
    "DateCreated": "2019-02-19T17:50:09.3729207-08:00",
    "Approved": true,
    "Incomplete": false,
    "Notes": "None"
  },
  "Ratings": {
    "DataQuality": "Not Rated",
    "DataRelevance": "Not Rated",
    "Documentation": "Not Rated",
    "Rationality": "Not Rated"
  },
  "DSGroups": [
    {
      "MedianEDP": "1.4",
      "Beta": "0.3",
      "CurveType": "LogNormal",
      "DSGroupType": "Single",
      "DamageStates": [
        {
          "Weight": 1.0,
          "LongLeadTime": 0.0,
          "Consequences": {
            "RedTag": {
              "Amount": 0.0,
              "Beta": 0.0,
              "CurveType": "Normal",
              "Bounds": [
                0.0,
                1.0
              ]
            },
            "ReconstructionCost": {
              "Amount": [
                "1332.5",
                "820.0"
              ],
              "Quantity": [
                5.0,
                50.0
              ],
              "CurveType": "LogNormal",
              "Beta": 0.4803,
              "Bounds": [
                0.0,
                "None"
              ]
            },
            "ReconstructionTime": {
              "Amount": [
                "1.4692",
                "0.9039"
              ],
              "Quantity": [
                5.0,
                50.0
              ],
              "CurveType": "LogNormal",
              "Beta": 0.5415,
              "Bounds": [
                0.0,
                "None"
              ]
            }
          },
          "Description": "Minor damage; tiles dislodged.",
          "RepairMeasures": "Replace and install dislodged tiles (assume 5% of area)",
          "DamageImageName": "B3011.011-DS1-1.JPG"
        }
      ]
    },
    {
      "MedianEDP": "1.7",
      "Beta": "0.3",
      "CurveType": "LogNormal",
      "DSGroupType": "Single",
      "DamageStates": [
        {
          "Weight": 1.0,
          "LongLeadTime": 0.0,
          "Consequences": {
            "RedTag": {
              "Amount": 0.5,
              "Beta": 0.5,
              "CurveType": "Normal",
              "Bounds": [
                0.0,
                1.0
              ]
            },
            "ReconstructionCost": {
              "Amount": [
                "3000.0",
                "1600.0"
              ],
              "Quantity": [
                5.0,
                50.0
              ],
              "CurveType": "LogNormal",
              "Beta": 0.3692,
              "Bounds": [
                0.0,
                "None"
              ]
            },
            "ReconstructionTime": {
              "Amount": [
                "3.3129",
                "1.7688"
              ],
              "Quantity": [
                5.0,
                50.0
              ],
              "CurveType": "LogNormal",
              "Beta": 0.4459,
              "Bounds": [
                0.0,
                "None"
              ]
            }
          },
          "Description": "Major portion of tile dislodged.",
          "RepairMeasures": "Replace and install dislodged tiles.",
          "DamageImageName": "B3011.011-DS2-1.JPG"
        }
      ]
    }
  ]
}