{
  "Name": "Concrete tile roof, tiles secured and compliant with UBC94",
  "QuantityUnit": [
    100.0,
    "SF"
  ],
  "Directional": false,
  "Correlated": false,
  "EDP": {
    "Type": "Peak Floor Acceleration",
    "Unit": [
      1.0,
      "g"
    ],
    "Offset": 0
  },
  "GeneralInformation": {
    "ID": "B3011.011",
    "Description": "Costing per roofing square (100 SF)",
    "Author": "Not Given",
    "Official": true,
    "DateCreated": "2019-02-19T17:50:09.0240254-08:00",
    "Approved": true,
    "Incomplete": false,
    "Notes": "None"
  },
  "Ratings": {
    "DataQuality": "Not Rated",
    "DataRelevance": "Not Rated",
    "Documentation": "Not Rated",
    "Rationality": "Not Rated"
  },
  "DSGroups": [
    {
      "MedianEDP": "1.1",
      "Beta": "0.4",
      "CurveType": "LogNormal",
      "DSGroupType": "Single",
      "DamageStates": [
        {
          "Weight": 1.0,
          "LongLeadTime": 0.0,
          "Consequences": {
            "RedTag": {
              "Amount": 0.0,
              "Beta": 0.0,
              "CurveType": "Normal",
              "Bounds": [
                0.0,
                1.0
              ]
            },
            "ReconstructionCost": {
              "Amount": [
                "840.0",
                "490.0"
              ],
              "Quantity": [
                13.0,
                130.0
              ],
              "CurveType": "LogNormal",
              "Beta": 0.5762,
              "Bounds": [
                0.0,
                "None"
              ]
            },
            "ReconstructionTime": {
              "Amount": [
                "0.9544",
                "0.5684"
              ],
              "Quantity": [
                13.0,
                130.0
              ],
              "CurveType": "LogNormal",
              "Beta": 0.6281,
              "Bounds": [
                0.0,
                "None"
              ]
            }
          },
          "Description": "Minor damage; tiles dislodged.",
          "RepairMeasures": "Reinstall dislodged tiles.",
          "DamageImageName": "B3011.011-DS1-1.JPG"
        }
      ]
    },
    {
      "MedianEDP": "1.4",
      "Beta": "0.4",
      "CurveType": "LogNormal",
      "DSGroupType": "Single",
      "DamageStates": [
        {
          "Weight": 1.0,
          "LongLeadTime": 0.0,
          "Consequences": {
            "RedTag": {
              "Amount": 0.5,
              "Beta": 0.5,
              "CurveType": "Normal",
              "Bounds": [
                0.0,
                1.0
              ]
            },
            "ReconstructionCost": {
              "Amount": [
                "2220.0",
                "1184.0"
              ],
              "Quantity": [
                13.0,
                130.0
              ],
              "CurveType": "LogNormal",
              "Beta": 0.3074,
              "Bounds": [
                0.0,
                "None"
              ]
            },
            "ReconstructionTime": {
              "Amount": [
                "2.4162",
                "1.2735"
              ],
              "Quantity": [
                13.0,
                130.0
              ],
              "CurveType": "LogNormal",
              "Beta": 0.3963,
              "Bounds": [
                0.0,
                "None"
              ]
            }
          },
          "Description": "Major portion of tile dislodged.",
          "RepairMeasures": "Reinstall dislodged tiles. ",
          "DamageImageName": "B3011.011-DS2-1.JPG"
        }
      ]
    }
  ]
}