{
  "Name": "Wall Partition, Type: Gypsum with metal studs, Full Height, Fixed Below, Slip Track Above w/o returns (friction connections)",
  "QuantityUnit": [
    100.0,
    "LF"
  ],
  "Directional": true,
  "Correlated": false,
  "EDP": {
    "Type": "Story Drift Ratio",
    "Unit": [
      1.0,
      "ea"
    ],
    "Offset": 0
  },
  "GeneralInformation": {
    "ID": "C1011.001d",
    "Description": "Quantity is based upon 13'x100' Panels.  Quantity of wall damaged varies by damage state.",
    "Author": "Not Given",
    "Official": true,
    "DateCreated": "2019-02-19T17:50:14.0055305-08:00",
    "Approved": true,
    "Incomplete": false,
    "Notes": "None"
  },
  "Ratings": {
    "DataQuality": "Superior",
    "DataRelevance": "Superior",
    "Documentation": "Superior",
    "Rationality": "Not Rated"
  },
  "DSGroups": [
    {
      "MedianEDP": "0.0035",
      "Beta": "0.6",
      "CurveType": "LogNormal",
      "DSGroupType": "Single",
      "DamageStates": [
        {
          "Weight": 1.0,
          "LongLeadTime": 0.0,
          "Consequences": {
            "ReconstructionCost": {
              "Amount": [
                "1785.0",
                "535.5"
              ],
              "Quantity": [
                1.0,
                10.0
              ],
              "CurveType": "Normal",
              "Beta": 0.4814,
              "Bounds": [
                0.0,
                "None"
              ]
            },
            "ReconstructionTime": {
              "Amount": [
                "1.3456",
                "0.3718"
              ],
              "Quantity": [
                1.0,
                10.0
              ],
              "CurveType": "Normal",
              "Beta": 0.5424,
              "Bounds": [
                0.0,
                "None"
              ]
            }
          },
          "Description": "Screw pop-out, cracking of wall board, warping or cracking of tape, slight crushing of wall panel at corners.",
          "RepairMeasures": "Retape joints, paste and repaint.  May require cutting and replacing corner sections of board.  Repair 5% wallboard, 10% retape, 25% repaint."
        }
      ]
    },
    {
      "MedianEDP": "0.0095",
      "Beta": "0.45",
      "CurveType": "LogNormal",
      "DSGroupType": "Single",
      "DamageStates": [
        {
          "Weight": 1.0,
          "LongLeadTime": 0.0,
          "Consequences": {
            "ReconstructionCost": {
              "Amount": [
                "4550.0",
                "1365.0"
              ],
              "Quantity": [
                1.0,
                10.0
              ],
              "CurveType": "LogNormal",
              "Beta": 0.5559,
              "Bounds": [
                0.0,
                "None"
              ]
            },
            "ReconstructionTime": {
              "Amount": [
                "3.5932",
                "1.1107"
              ],
              "Quantity": [
                1.0,
                10.0
              ],
              "CurveType": "LogNormal",
              "Beta": 0.6095,
              "Bounds": [
                0.0,
                "None"
              ]
            }
          },
          "Description": "Moderate cracking or crushing of gypsum wall boards (typically in corners).  Moderate corner gap openings, bending of boundary studs.",
          "RepairMeasures": "Remove and replace 10% of wall board (both sides), retape and paste 25% of wall, paint 50% of wall.  Replace boundary studs of approximately 5 intersections per 100 ft of wall length."
        }
      ]
    }
  ]
}