{
  "Name": "Wall Partition, Type: Gypsum + Wallpaper, Partial Height, Fixed Below, Lateral Braced Above",
  "QuantityUnit": [
    100.0,
    "LF"
  ],
  "Directional": true,
  "Correlated": false,
  "EDP": {
    "Type": "Story Drift Ratio",
    "Unit": [
      1.0,
      "ea"
    ],
    "Offset": 0
  },
  "GeneralInformation": {
    "ID": "C3011.001b",
    "Description": "Costing based upon 9'x100' Panels",
    "Author": "Not Given",
    "Official": true,
    "DateCreated": "2019-02-19T17:50:18.6541355-08:00",
    "Approved": true,
    "Incomplete": false,
    "Notes": "None"
  },
  "Ratings": {
    "DataQuality": "Superior",
    "DataRelevance": "Superior",
    "Documentation": "Superior",
    "Rationality": "Not Rated"
  },
  "DSGroups": [
    {
      "MedianEDP": "0.0064",
      "Beta": "0.3",
      "CurveType": "LogNormal",
      "DSGroupType": "Single",
      "DamageStates": [
        {
          "Weight": 1.0,
          "LongLeadTime": 0.0,
          "Consequences": {
            "ReconstructionCost": {
              "Amount": [
                "3240.0",
                "2160.0"
              ],
              "Quantity": [
                1.0,
                3.0
              ],
              "CurveType": "LogNormal",
              "Beta": 0.1542,
              "Bounds": [
                0.0,
                "None"
              ]
            },
            "ReconstructionTime": {
              "Amount": [
                "3.0203",
                "2.0197"
              ],
              "Quantity": [
                1.0,
                3.0
              ],
              "CurveType": "LogNormal",
              "Beta": 0.2938,
              "Bounds": [
                0.0,
                "None"
              ]
            }
          },
          "Description": "Wall paper warped and torn.",
          "RepairMeasures": "Remove existing wall paper (or wall) and install new wall paper for full 100 foot length of wall.  Existing wall damage per wall type NISTIR file."
        }
      ]
    }
  ]
}