{
  "Name": "Wall Partition, Type: Gypsum + Ceramic Tile, Full Height, Fixed Below, Slip Track Above w/o returns (friction connection)",
  "QuantityUnit": [
    100.0,
    "LF"
  ],
  "Directional": true,
  "Correlated": false,
  "EDP": {
    "Type": "Story Drift Ratio",
    "Unit": [
      1.0,
      "ea"
    ],
    "Offset": 0
  },
  "GeneralInformation": {
    "ID": "C3011.002d",
    "Description": "Costing based upon 9'x100' Panels",
    "Author": "Not Given",
    "Official": true,
    "DateCreated": "2019-02-19T17:50:20.7455079-08:00",
    "Approved": true,
    "Incomplete": false,
    "Notes": "None"
  },
  "Ratings": {
    "DataQuality": "Superior",
    "DataRelevance": "Superior",
    "Documentation": "Superior",
    "Rationality": "Not Rated"
  },
  "DSGroups": [
    {
      "MedianEDP": "0.0035",
      "Beta": "0.7",
      "CurveType": "LogNormal",
      "DSGroupType": "Single",
      "DamageStates": [
        {
          "Weight": 1.0,
          "LongLeadTime": 0.0,
          "Consequences": {
            "ReconstructionCost": {
              "Amount": [
                "8640.0",
                "5760.0"
              ],
              "Quantity": [
                1.0,
                3.0
              ],
              "CurveType": "Normal",
              "Beta": 0.2208,
              "Bounds": [
                0.0,
                "None"
              ]
            },
            "ReconstructionTime": {
              "Amount": [
                "7.9941",
                "5.3259"
              ],
              "Quantity": [
                1.0,
                3.0
              ],
              "CurveType": "Normal",
              "Beta": 0.3336,
              "Bounds": [
                0.0,
                "None"
              ]
            }
          },
          "Description": "Minor cracked joints and tile.",
          "RepairMeasures": "Carefully remove cracked tile and grout at cracked joints, install new ceramic tile and re-grout joints for 10% of  full 100 foot length of wall.  Existing wall board will remain in place."
        }
      ]
    },
    {
      "MedianEDP": "0.0093",
      "Beta": "0.45",
      "CurveType": "LogNormal",
      "DSGroupType": "Single",
      "DamageStates": [
        {
          "Weight": 1.0,
          "LongLeadTime": 0.0,
          "Consequences": {
            "ReconstructionCost": {
              "Amount": [
                "34992.0",
                "23328.0"
              ],
              "Quantity": [
                1.0,
                3.0
              ],
              "CurveType": "LogNormal",
              "Beta": 0.0948,
              "Bounds": [
                0.0,
                "None"
              ]
            },
            "ReconstructionTime": {
              "Amount": [
                "32.4032",
                "21.5968"
              ],
              "Quantity": [
                1.0,
                3.0
              ],
              "CurveType": "LogNormal",
              "Beta": 0.2674,
              "Bounds": [
                0.0,
                "None"
              ]
            }
          },
          "Description": "Cracked joints and tile.",
          "RepairMeasures": "Install ceramic tile and grout all joints for full 100 foot length of wall.  Note: gypsum wall board will also be removed and replaced which means the removal of ceramic tile will be part of the gypsum wall board removal. "
        }
      ]
    }
  ]
}