{
  "Name": "Raised Access Floor, seismically rated.",
  "QuantityUnit": [
    100.0,
    "SF"
  ],
  "Directional": false,
  "Correlated": false,
  "EDP": {
    "Type": "Peak Floor Acceleration",
    "Unit": [
      1.0,
      "g"
    ],
    "Offset": 0
  },
  "GeneralInformation": {
    "ID": "C3027.002",
    "Description": "Access floor is designed to meet code requirements and mechanically anchored and braced as necessary to resist anchor loads.  Equipment is anchored to floor systems and heavier equipment is anchored directly to the structural floor.  Costing is based upon a xxx SF floor area.",
    "Author": "Not Given",
    "Official": true,
    "DateCreated": "2019-02-19T17:50:29.1020002-08:00",
    "Approved": true,
    "Incomplete": false,
    "Notes": "Consequence Note:  Some downtime for repair of floor and equipment."
  },
  "Ratings": {
    "DataQuality": "Not Rated",
    "DataRelevance": "Not Rated",
    "Documentation": "Not Rated",
    "Rationality": "Not Rated"
  },
  "DSGroups": [
    {
      "MedianEDP": "1.5",
      "Beta": "0.4",
      "CurveType": "LogNormal",
      "DSGroupType": "Single",
      "DamageStates": [
        {
          "Weight": 1.0,
          "LongLeadTime": 0.0,
          "Consequences": {
            "ReconstructionCost": {
              "Amount": [
                "138.0",
                "92.0"
              ],
              "Quantity": [
                5.0,
                20.0
              ],
              "CurveType": "LogNormal",
              "Beta": 1.2841,
              "Bounds": [
                0.0,
                "None"
              ]
            },
            "ReconstructionTime": {
              "Amount": [
                "0.1447",
                "0.0953"
              ],
              "Quantity": [
                5.0,
                20.0
              ],
              "CurveType": "LogNormal",
              "Beta": 1.3082,
              "Bounds": [
                0.0,
                "None"
              ]
            }
          },
          "Description": "Minor damage to the flooring system.  Damage to the equipment of the flooring system.",
          "RepairMeasures": "Repair the flooring system, assume cost equal to 5% of the replacement cost.  Repair the flooring equipment, assume a cost equal to 10% of the replacement cost."
        }
      ]
    }
  ]
}