{
  "Name": "Generic Floor Covering - Flooding of floor caused by failure of pipe - Laboratory - Dry",
  "QuantityUnit": [
    0.0,
    "Undefined"
  ],
  "Directional": false,
  "Correlated": false,
  "EDP": {
    "Type": "Peak Floor Acceleration",
    "Unit": [
      1.0,
      "g"
    ],
    "Offset": 1
  },
  "GeneralInformation": {
    "ID": "C3021.001c",
    "Description": "The user needs to review the fragilities of all piping modeled in the ceiling of the floor and input the peak floor acceleration value for the pipe with the lowest median peak floor acceleration value, along with the associated total dispersion (beta).  Flooring type assumed to be sheet vinyl. Available costs are per one square foot of floor area.  ",
    "Author": "Not Given",
    "Official": true,
    "DateCreated": "2019-02-19T17:50:23.2597534-08:00",
    "Approved": true,
    "Incomplete": true,
    "Notes": "None"
  },
  "Ratings": {
    "DataQuality": "Not Rated",
    "DataRelevance": "Not Rated",
    "Documentation": "Not Rated",
    "Rationality": "Not Rated"
  },
  "DSGroups": [
    {
      "MedianEDP": "Undefined",
      "Beta": "Undefined",
      "CurveType": "LogNormal",
      "DSGroupType": "Single",
      "DamageStates": [
        {
          "Weight": 1.0,
          "LongLeadTime": 0.0,
          "Consequences": {
            "ReconstructionCost": {
              "Amount": [
                "88.5",
                "26.55"
              ],
              "Quantity": [
                500.0,
                2000.0
              ],
              "CurveType": "Normal",
              "Beta": 0.312,
              "Bounds": [
                0.0,
                "None"
              ]
            },
            "ReconstructionTime": {
              "Amount": [
                "0.082",
                "0.0246"
              ],
              "Quantity": [
                500.0,
                2000.0
              ],
              "CurveType": "Normal",
              "Beta": 0.3998,
              "Bounds": [
                0.0,
                "None"
              ]
            }
          },
          "Description": "Flooding of all or a portion of the total floor associated with a major leakage of a pipe.",
          "RepairMeasures": "Replace or dry out of the affected flooring materials, equipment and contents.  Remove areas that could be affected by mold.  Potentially considerable downtime.  Cleanup and replacement of all water damaged items on floor.  User must establish area of floor with flooding.  Default recommendation is flooding of total floor area.  Damage to unit floor area shall be entered to consequence which is multiplied by PACT \"Fragility Unit of Measure\"."
        }
      ]
    }
  ]
}