{
  "Name": "Independent Pendant Lighting - non seismic",
  "QuantityUnit": [
    1.0,
    "EA"
  ],
  "Directional": false,
  "Correlated": false,
  "EDP": {
    "Type": "Peak Floor Acceleration",
    "Unit": [
      1.0,
      "g"
    ],
    "Offset": 1
  },
  "GeneralInformation": {
    "ID": "C3034.001",
    "Description": "Horizontal light fixtures 4 to 16 ft long suspended 12 to 24 inches from ceiling.  No seismic design or bracing.  Hung from ceiling above by two or more rods or cables.  ",
    "Author": "Not Given",
    "Official": true,
    "DateCreated": "2019-02-19T17:50:34.6033493-08:00",
    "Approved": true,
    "Incomplete": false,
    "Notes": "Low cost industrial hung lighting in warehouse or gymnasium that is not part of suspended ceiling or hanging from a suspended ceiling space."
  },
  "Ratings": {
    "DataQuality": "Not Rated",
    "DataRelevance": "Not Rated",
    "Documentation": "Not Rated",
    "Rationality": "Not Rated"
  },
  "DSGroups": [
    {
      "MedianEDP": "0.6",
      "Beta": "0.4",
      "CurveType": "LogNormal",
      "DSGroupType": "Single",
      "DamageStates": [
        {
          "Weight": 1.0,
          "LongLeadTime": 0.0,
          "Consequences": {
            "Injuries": [
              {
                "Amount": "0.75",
                "Beta": 0.5,
                "CurveType": "Normal",
                "Bounds": [
                  0.0,
                  1.0
                ]
              },
              {
                "Amount": 0.25,
                "Beta": 0.5,
                "CurveType": "Normal",
                "Bounds": [
                  0.0,
                  1.0
                ]
              }
            ],
            "ReconstructionCost": {
              "Amount": [
                "1336",
                "401"
              ],
              "Quantity": [
                5.0,
                10.0
              ],
              "CurveType": "LogNormal",
              "Beta": 0.6369,
              "Bounds": [
                0.0,
                "None"
              ]
            },
            "ReconstructionTime": {
              "Amount": [
                "0.99",
                "0.3"
              ],
              "Quantity": [
                5.0,
                10.0
              ],
              "CurveType": "LogNormal",
              "Beta": 0.6842,
              "Bounds": [
                0.0,
                "None"
              ]
            }
          },
          "Description": "Disassembly of rod system at connections with horizontal light fixture, low cycle fatigue failure of the threaded rod, pullout of rods from ceiling assembly.",
          "RepairMeasures": "Replace damaged lighting components.",
          "AffectedArea": [
            100.0,
            "SF"
          ]
        }
      ]
    }
  ]
}