{
  "Name": "Suspended Ceiling, SDC D,E,F (Ip=1.5), Area (A): 1000 < A < 2500, Vert & Lat support",
  "QuantityUnit": [
    1800.0,
    "SF"
  ],
  "Directional": false,
  "Correlated": false,
  "EDP": {
    "Type": "Peak Floor Acceleration",
    "Unit": [
      1.0,
      "g"
    ],
    "Offset": 1
  },
  "GeneralInformation": {
    "ID": "C3032.004c",
    "Description": "Costing for each 1800 SF Unit, Suspended Lay-in Acoustic Tile Ceiling, Support:  Vertical hanging wire, diagonal wires, and compression posts, 2 inch wide ledger support angles at wall and oversize holes around tile openings.  Includes lighting fixtures in suspended ceiling.",
    "Author": "Not Given",
    "Official": true,
    "DateCreated": "2019-02-19T17:50:33.7596025-08:00",
    "Approved": true,
    "Incomplete": false,
    "Notes": "None"
  },
  "Ratings": {
    "DataQuality": "Marginal",
    "DataRelevance": "Superior",
    "Documentation": "Marginal",
    "Rationality": "Average"
  },
  "DSGroups": [
    {
      "MedianEDP": "1.45",
      "Beta": "0.3",
      "CurveType": "LogNormal",
      "DSGroupType": "Single",
      "DamageStates": [
        {
          "Weight": 1.0,
          "LongLeadTime": 0.0,
          "Consequences": {
            "Injuries": [
              {
                "Amount": "0.0",
                "Beta": 0.0,
                "CurveType": "Normal",
                "Bounds": [
                  0.0,
                  1.0
                ]
              },
              {
                "Amount": 0.0,
                "Beta": 0.0,
                "CurveType": "Normal",
                "Bounds": [
                  0.0,
                  1.0
                ]
              }
            ],
            "ReconstructionCost": {
              "Amount": [
                "5220.0",
                "1566.0"
              ],
              "Quantity": [
                1.0,
                10.0
              ],
              "CurveType": "Normal",
              "Beta": 0.5508,
              "Bounds": [
                0.0,
                "None"
              ]
            },
            "ReconstructionTime": {
              "Amount": [
                "4.6429",
                "1.4188"
              ],
              "Quantity": [
                1.0,
                10.0
              ],
              "CurveType": "Normal",
              "Beta": 0.6049,
              "Bounds": [
                0.0,
                "None"
              ]
            }
          },
          "Description": "5 % of ceiling grid and tile damage.  ",
          "RepairMeasures": "Reinstall, repair, or replace 5% of the ceiling area.",
          "AffectedArea": [
            0.0,
            "SF"
          ]
        }
      ]
    },
    {
      "MedianEDP": "2.1",
      "Beta": "0.3",
      "CurveType": "LogNormal",
      "DSGroupType": "Single",
      "DamageStates": [
        {
          "Weight": 1.0,
          "LongLeadTime": 0.0,
          "Consequences": {
            "Injuries": [
              {
                "Amount": 0.0,
                "Beta": 0.0,
                "CurveType": "Normal",
                "Bounds": [
                  0.0,
                  1.0
                ]
              },
              {
                "Amount": 0.0,
                "Beta": 0.0,
                "CurveType": "Normal",
                "Bounds": [
                  0.0,
                  1.0
                ]
              }
            ],
            "ReconstructionCost": {
              "Amount": [
                "40860.0",
                "12258.0"
              ],
              "Quantity": [
                1.0,
                10.0
              ],
              "CurveType": "LogNormal",
              "Beta": 0.5183,
              "Bounds": [
                0.0,
                "None"
              ]
            },
            "ReconstructionTime": {
              "Amount": [
                "36.0265",
                "10.7894"
              ],
              "Quantity": [
                1.0,
                10.0
              ],
              "CurveType": "LogNormal",
              "Beta": 0.5755,
              "Bounds": [
                0.0,
                "None"
              ]
            }
          },
          "Description": "30% of ceiling grid and tile damage.",
          "RepairMeasures": "Replace 30% of the ceiling area.",
          "AffectedArea": [
            0.0,
            "SF"
          ]
        }
      ]
    },
    {
      "MedianEDP": "2.34",
      "Beta": "0.3",
      "CurveType": "LogNormal",
      "DSGroupType": "Single",
      "DamageStates": [
        {
          "Weight": 1.0,
          "LongLeadTime": 0.0,
          "Consequences": {
            "Injuries": [
              {
                "Amount": 0.1,
                "Beta": 0.5,
                "CurveType": "Normal",
                "Bounds": [
                  0.0,
                  1.0
                ]
              },
              {
                "Amount": 0.0,
                "Beta": 0.0,
                "CurveType": "Normal",
                "Bounds": [
                  0.0,
                  1.0
                ]
              }
            ],
            "ReconstructionCost": {
              "Amount": [
                "84060.0",
                "25218.0"
              ],
              "Quantity": [
                1.0,
                10.0
              ],
              "CurveType": "LogNormal",
              "Beta": 0.2026,
              "Bounds": [
                0.0,
                "None"
              ]
            },
            "ReconstructionTime": {
              "Amount": [
                "74.1653",
                "22.2459"
              ],
              "Quantity": [
                1.0,
                10.0
              ],
              "CurveType": "LogNormal",
              "Beta": 0.3218,
              "Bounds": [
                0.0,
                "None"
              ]
            }
          },
          "Description": "50% of ceiling grid and tile damage.",
          "RepairMeasures": "Replace the entire ceiling ",
          "AffectedArea": [
            1700.0,
            "SF"
          ]
        }
      ]
    }
  ]
}