{
  "Name": "Suspended Ceiling, SDC A,B,C, Area (A): 250 < A < 1000, Vert support only",
  "QuantityUnit": [
    600.0,
    "SF"
  ],
  "Directional": false,
  "Correlated": false,
  "EDP": {
    "Type": "Peak Floor Acceleration",
    "Unit": [
      1.0,
      "g"
    ],
    "Offset": 1
  },
  "GeneralInformation": {
    "ID": "C3032.001b",
    "Description": "Costing for each 600 SF Unit, Suspended Lay-in Acoustic Tile Ceiling, Support:  Vertical hanging wires only.    Includes lighting fixtures in suspended ceiling.",
    "Author": "Not Given",
    "Official": true,
    "DateCreated": "2019-02-19T17:50:29.965741-08:00",
    "Approved": true,
    "Incomplete": false,
    "Notes": "None"
  },
  "Ratings": {
    "DataQuality": "Marginal",
    "DataRelevance": "Superior",
    "Documentation": "Marginal",
    "Rationality": "Average"
  },
  "DSGroups": [
    {
      "MedianEDP": "1.01",
      "Beta": "0.25",
      "CurveType": "LogNormal",
      "DSGroupType": "Single",
      "DamageStates": [
        {
          "Weight": 1.0,
          "LongLeadTime": 0.0,
          "Consequences": {
            "Injuries": [
              {
                "Amount": "0.0",
                "Beta": 0.0,
                "CurveType": "Normal",
                "Bounds": [
                  0.0,
                  1.0
                ]
              },
              {
                "Amount": 0.0,
                "Beta": 0.0,
                "CurveType": "Normal",
                "Bounds": [
                  0.0,
                  1.0
                ]
              }
            ],
            "ReconstructionCost": {
              "Amount": [
                "1044.0",
                "696.0"
              ],
              "Quantity": [
                1.0,
                10.0
              ],
              "CurveType": "Normal",
              "Beta": 0.5508,
              "Bounds": [
                0.0,
                "None"
              ]
            },
            "ReconstructionTime": {
              "Amount": [
                "0.9386",
                "0.6214"
              ],
              "Quantity": [
                1.0,
                10.0
              ],
              "CurveType": "Normal",
              "Beta": 0.6049,
              "Bounds": [
                0.0,
                "None"
              ]
            }
          },
          "Description": "5 % of ceiling grid and tile damage.  ",
          "RepairMeasures": "Reinstall, repair, or replace 5% of the ceiling area.",
          "AffectedArea": [
            0.0,
            "SF"
          ]
        }
      ]
    },
    {
      "MedianEDP": "1.45",
      "Beta": "0.25",
      "CurveType": "LogNormal",
      "DSGroupType": "Single",
      "DamageStates": [
        {
          "Weight": 1.0,
          "LongLeadTime": 0.0,
          "Consequences": {
            "Injuries": [
              {
                "Amount": 0.0,
                "Beta": 0.0,
                "CurveType": "Normal",
                "Bounds": [
                  0.0,
                  1.0
                ]
              },
              {
                "Amount": 0.0,
                "Beta": 0.0,
                "CurveType": "Normal",
                "Bounds": [
                  0.0,
                  1.0
                ]
              }
            ],
            "ReconstructionCost": {
              "Amount": [
                "8172.0",
                "5448.0"
              ],
              "Quantity": [
                1.0,
                10.0
              ],
              "CurveType": "LogNormal",
              "Beta": 0.5183,
              "Bounds": [
                0.0,
                "None"
              ]
            },
            "ReconstructionTime": {
              "Amount": [
                "7.4218",
                "4.9382"
              ],
              "Quantity": [
                1.0,
                10.0
              ],
              "CurveType": "LogNormal",
              "Beta": 0.5755,
              "Bounds": [
                0.0,
                "None"
              ]
            }
          },
          "Description": "30% of ceiling grid and tile damage.",
          "RepairMeasures": "Replace 30% of the ceiling area.",
          "AffectedArea": [
            0.0,
            "SF"
          ]
        }
      ]
    },
    {
      "MedianEDP": "1.69",
      "Beta": "0.25",
      "CurveType": "LogNormal",
      "DSGroupType": "Single",
      "DamageStates": [
        {
          "Weight": 1.0,
          "LongLeadTime": 0.0,
          "Consequences": {
            "Injuries": [
              {
                "Amount": 0.1,
                "Beta": 0.5,
                "CurveType": "Normal",
                "Bounds": [
                  0.0,
                  1.0
                ]
              },
              {
                "Amount": 0.0,
                "Beta": 0.0,
                "CurveType": "Normal",
                "Bounds": [
                  0.0,
                  1.0
                ]
              }
            ],
            "ReconstructionCost": {
              "Amount": [
                "16812.0",
                "11208.0"
              ],
              "Quantity": [
                1.0,
                10.0
              ],
              "CurveType": "LogNormal",
              "Beta": 0.2026,
              "Bounds": [
                0.0,
                "None"
              ]
            },
            "ReconstructionTime": {
              "Amount": [
                "15.3348",
                "10.2252"
              ],
              "Quantity": [
                1.0,
                10.0
              ],
              "CurveType": "LogNormal",
              "Beta": 0.3218,
              "Bounds": [
                0.0,
                "None"
              ]
            }
          },
          "Description": "50% of ceiling grid and tile damage.",
          "RepairMeasures": "Replace the entire ceiling ",
          "AffectedArea": [
            650.0,
            "SF"
          ]
        }
      ]
    }
  ]
}