{
  "Name": "Hydraulic Elevator \u2013 Applies to most California Installations 1976 or later, most western states installations postdating 1982 and most U.S installations postdating 1998.",
  "QuantityUnit": [
    1.0,
    "EA"
  ],
  "Directional": false,
  "Correlated": false,
  "EDP": {
    "Type": "Peak Floor Acceleration",
    "Unit": [
      1.0,
      "g"
    ],
    "Offset": 0
  },
  "GeneralInformation": {
    "ID": "D1014.021",
    "Description": "Costing per elevator.  Elevator demand parameter shall be defined as the peak floor acceleration at the first floor.  The elevator fragility for a multiple story building should only be entered once on the first floor.",
    "Author": "Not Given",
    "Official": true,
    "DateCreated": "2019-02-19T17:50:36.2458564-08:00",
    "Approved": true,
    "Incomplete": false,
    "Notes": "None"
  },
  "Ratings": {
    "DataQuality": "Not Rated",
    "DataRelevance": "Not Rated",
    "Documentation": "Not Rated",
    "Rationality": "Not Rated"
  },
  "DSGroups": [
    {
      "MedianEDP": "0.5",
      "Beta": "0.3",
      "CurveType": "LogNormal",
      "DSGroupType": "Simultaneous",
      "DamageStates": [
        {
          "Weight": 0.3,
          "LongLeadTime": 0.0,
          "Consequences": {
            "ReconstructionCost": {
              "Amount": [
                "1600.0",
                "480.0"
              ],
              "Quantity": [
                5.0,
                10.0
              ],
              "CurveType": "LogNormal",
              "Beta": 0.8219,
              "Bounds": [
                0.0,
                "None"
              ]
            },
            "ReconstructionTime": {
              "Amount": [
                "1.5294",
                "0.4588"
              ],
              "Quantity": [
                5.0,
                10.0
              ],
              "CurveType": "LogNormal",
              "Beta": 0.859,
              "Bounds": [
                0.0,
                "None"
              ]
            }
          },
          "Description": "Damaged controls.",
          "RepairMeasures": "Multiple repairs possible (% change of each):  Repair damaged controls (100%)"
        },
        {
          "Weight": 0.49,
          "LongLeadTime": 0.0,
          "Consequences": {
            "ReconstructionCost": {
              "Amount": [
                "16400.0",
                "4920.0"
              ],
              "Quantity": [
                5.0,
                10.0
              ],
              "CurveType": "Normal",
              "Beta": 0.322,
              "Bounds": [
                0.0,
                "None"
              ]
            },
            "ReconstructionTime": {
              "Amount": [
                "15.6764",
                "4.7029"
              ],
              "Quantity": [
                5.0,
                10.0
              ],
              "CurveType": "Normal",
              "Beta": 0.4077,
              "Bounds": [
                0.0,
                "None"
              ]
            }
          },
          "Description": "Damaged vane and hoist-way switches, and or bent cab stabilizers, and or damaged car guide shoes.",
          "RepairMeasures": "Multiple repairs possible (% change of each):  Repair damaged vane and hoist-way switches (41%), and or repair bent cab stabilizers (41%), and or repair damaged car guide shoes (41%). "
        },
        {
          "Weight": 0.44,
          "LongLeadTime": 1.0,
          "Consequences": {
            "ReconstructionCost": {
              "Amount": [
                "24000.0",
                "7200.0"
              ],
              "Quantity": [
                5.0,
                10.0
              ],
              "CurveType": "Normal",
              "Beta": 0.4389,
              "Bounds": [
                0.0,
                "None"
              ]
            },
            "ReconstructionTime": {
              "Amount": [
                "22.9412",
                "6.8824"
              ],
              "Quantity": [
                5.0,
                10.0
              ],
              "CurveType": "Normal",
              "Beta": 0.5051,
              "Bounds": [
                0.0,
                "None"
              ]
            }
          },
          "Description": "Damaged entrance and car door, and or flooring damage.",
          "RepairMeasures": "Multiple repairs possible (% change of each):  Repair damage to doors (68%), and or repair flooring (46%)"
        },
        {
          "Weight": 0.37,
          "LongLeadTime": 0.0,
          "Consequences": {
            "ReconstructionCost": {
              "Amount": [
                "4600.0",
                "1380.0"
              ],
              "Quantity": [
                5.0,
                10.0
              ],
              "CurveType": "LogNormal",
              "Beta": 0.2535,
              "Bounds": [
                0.0,
                "None"
              ]
            },
            "ReconstructionTime": {
              "Amount": [
                "4.397",
                "1.3191"
              ],
              "Quantity": [
                5.0,
                10.0
              ],
              "CurveType": "LogNormal",
              "Beta": 0.3561,
              "Bounds": [
                0.0,
                "None"
              ]
            }
          },
          "Description": "Oil leak in hydraulic line, and or hydraulic tank failure.",
          "RepairMeasures": "Multiple repairs possible (% change of each):  Repair oil leak in hydraulic line (27%), and or hydraulic tank failure (81%)"
        }
      ]
    }
  ]
}