{
  "Name": "Cold or Hot Potable  - Small Diameter Threaded Steel - (2.5 inches in diameter or less), SDC D, E, or F (OSHPD or sim), PIPING FRAGILITY",
  "QuantityUnit": [
    1000.0,
    "LF"
  ],
  "Directional": false,
  "Correlated": false,
  "EDP": {
    "Type": "Peak Floor Acceleration",
    "Unit": [
      1.0,
      "g"
    ],
    "Offset": 1
  },
  "GeneralInformation": {
    "ID": "D2021.014a",
    "Description": "Potable water.  Costing based upon 1000 ft segments.",
    "Author": "Not Given",
    "Official": true,
    "DateCreated": "2019-02-19T17:52:47.6651259-08:00",
    "Approved": true,
    "Incomplete": false,
    "Notes": "Consequence is for piping only.  Enter floor wetting consequence seperately.  Cost includes allowance for MEP relocation to perform work."
  },
  "Ratings": {
    "DataQuality": "Not Rated",
    "DataRelevance": "Not Rated",
    "Documentation": "Not Rated",
    "Rationality": "Not Rated"
  },
  "DSGroups": [
    {
      "MedianEDP": "2.25",
      "Beta": "0.4",
      "CurveType": "LogNormal",
      "DSGroupType": "Single",
      "DamageStates": [
        {
          "Weight": 1.0,
          "LongLeadTime": 0.0,
          "Consequences": {
            "ReconstructionCost": {
              "Amount": [
                "319.0",
                "261.0"
              ],
              "Quantity": [
                3.0,
                10.0
              ],
              "CurveType": "LogNormal",
              "Beta": 0.7637,
              "Bounds": [
                0.0,
                "None"
              ]
            },
            "ReconstructionTime": {
              "Amount": [
                "0.3378",
                "0.2764"
              ],
              "Quantity": [
                3.0,
                10.0
              ],
              "CurveType": "LogNormal",
              "Beta": 0.8036,
              "Bounds": [
                0.0,
                "None"
              ]
            }
          },
          "Description": "Minor leakage at flange connections  -  1 leak per 1000 feet of pipe.",
          "RepairMeasures": "Replace failed supports.  One repair per 1000 LF."
        }
      ]
    },
    {
      "MedianEDP": "4.1",
      "Beta": "0.4",
      "CurveType": "LogNormal",
      "DSGroupType": "Single",
      "DamageStates": [
        {
          "Weight": 1.0,
          "LongLeadTime": 0.0,
          "Consequences": {
            "ReconstructionCost": {
              "Amount": [
                "2915.0",
                "2385.0"
              ],
              "Quantity": [
                3.0,
                10.0
              ],
              "CurveType": "LogNormal",
              "Beta": 0.4054,
              "Bounds": [
                0.0,
                "None"
              ]
            },
            "ReconstructionTime": {
              "Amount": [
                "3.0865",
                "2.5253"
              ],
              "Quantity": [
                3.0,
                10.0
              ],
              "CurveType": "LogNormal",
              "Beta": 0.4763,
              "Bounds": [
                0.0,
                "None"
              ]
            }
          },
          "Description": "Pipe Break - 1 break per 1000 feet of pipe.",
          "RepairMeasures": "Replace failed supports.  One repair per 1000 LF."
        }
      ]
    }
  ]
}