{
  "Name": "Heating hot Water Piping - Large Diameter Welded Steel - (greater than 2.5 inches in diameter), SDC D, E, or F, BRACING FRAGILITY",
  "QuantityUnit": [
    1000,
    "LF"
  ],
  "Directional": false,
  "Correlated": false,
  "EDP": {
    "Type": "Peak Floor Acceleration",
    "Unit": [
      1,
      "g"
    ],
    "Offset": 1
  },
  "GeneralInformation": {
    "ID": "D2022.023b",
    "Description": "Heating water.  Costing based upon 1000 ft segments of pipe, pipe 2.5 inches in diameter or less",
    "Author": "Not Given",
    "Official": true,
    "DateCreated": "2019-02-19T17:52:58.0790844-08:00",
    "Approved": true,
    "Incomplete": false,
    "Notes": "Consequence is for piping only.  Enter floor wetting consequence seperately.  Cost includes allowance for MEP relocation to perform work."
  },
  "Ratings": {
    "DataQuality": "Not Rated",
    "DataRelevance": "Not Rated",
    "Documentation": "Not Rated",
    "Rationality": "Not Rated"
  },
  "DSGroups": [
    {
      "MedianEDP": 1.5,
      "Beta": 0.5,
      "CurveType": "LogNormal",
      "DSGroupType": "Single",
      "DamageStates": [
        {
          "Weight": 1.0,
          "LongLeadTime": false,
          "Consequences": {
            "ReconstructionCost": {
              "Amount": [
                700.0,
                210.0
              ],
              "Quantity": [
                5.0,
                10.0
              ],
              "CurveType": "LogNormal",
              "Beta": 0.6488,
              "Bounds": [
                0,
                "None"
              ]
            },
            "ReconstructionTime": {
              "Amount": [
                0.7412,
                0.2224
              ],
              "Quantity": [
                5.0,
                10.0
              ],
              "CurveType": "LogNormal",
              "Beta": 0.6953,
              "Bounds": [
                0,
                "None"
              ]
            }
          },
          "Description": "Lateral Brace Failure - 1 failure per 1000 foot of pipe.",
          "RepairMeasures": "Replace failed supports.  One repair per 1000 LF."
        }
      ]
    },
    {
      "MedianEDP": 2.25,
      "Beta": 0.5,
      "CurveType": "LogNormal",
      "DSGroupType": "Single",
      "DamageStates": [
        {
          "Weight": 1.0,
          "LongLeadTime": false,
          "Consequences": {
            "ReconstructionCost": {
              "Amount": [
                700.0,
                210.0
              ],
              "Quantity": [
                5.0,
                10.0
              ],
              "CurveType": "LogNormal",
              "Beta": 0.6488,
              "Bounds": [
                0,
                "None"
              ]
            },
            "ReconstructionTime": {
              "Amount": [
                0.7412,
                0.2224
              ],
              "Quantity": [
                5.0,
                10.0
              ],
              "CurveType": "LogNormal",
              "Beta": 0.6953,
              "Bounds": [
                0,
                "None"
              ]
            }
          },
          "Description": "Vertical Brace Failure - 1 failure per 1000 feet of pipe.",
          "RepairMeasures": ""
        }
      ]
    }
  ]
}