{
  "Name": "Heating hot Water Piping - Small Diameter Threaded Steel - (2.5 inches in diameter or less), SDC D, E, or F (OSHPD or sim), BRACING FRAGILITY",
  "QuantityUnit": [
    1000.0,
    "LF"
  ],
  "Directional": false,
  "Correlated": false,
  "EDP": {
    "Type": "Peak Floor Acceleration",
    "Unit": [
      1.0,
      "g"
    ],
    "Offset": 1
  },
  "GeneralInformation": {
    "ID": "D2022.014b",
    "Description": "Heating water.  Costing based upon 1000 ft segments of pipe, pipe 2.5 inches in diameter or less",
    "Author": "Not Given",
    "Official": true,
    "DateCreated": "2019-02-19T17:52:55.8843039-08:00",
    "Approved": true,
    "Incomplete": true,
    "Notes": "Consequence is for piping only.  Enter floor wetting consequence seperately.  Cost includes allowance for MEP relocation to perform work."
  },
  "Ratings": {
    "DataQuality": "Not Rated",
    "DataRelevance": "Not Rated",
    "Documentation": "Not Rated",
    "Rationality": "Not Rated"
  },
  "DSGroups": [
    {
      "MedianEDP": "3.0",
      "Beta": "Undefined",
      "CurveType": "LogNormal",
      "DSGroupType": "Single",
      "DamageStates": [
        {
          "Weight": 1.0,
          "LongLeadTime": 0.0,
          "Consequences": {
            "ReconstructionCost": {
              "Amount": [
                "418.0",
                "342.0"
              ],
              "Quantity": [
                3.0,
                10.0
              ],
              "CurveType": "LogNormal",
              "Beta": 0.603,
              "Bounds": [
                0.0,
                "None"
              ]
            },
            "ReconstructionTime": {
              "Amount": [
                "0.4426",
                "0.3622"
              ],
              "Quantity": [
                3.0,
                10.0
              ],
              "CurveType": "LogNormal",
              "Beta": 0.6527,
              "Bounds": [
                0.0,
                "None"
              ]
            }
          },
          "Description": "Isolated support failure w/o leakage - 0.5 supports fail per 1000 feet of pipe (assuming supports every 20 feet).",
          "RepairMeasures": "Replace failed supports.  One repair per 1000 LF."
        }
      ]
    }
  ]
}