{
  "Name": "Sanitary Waste Piping - Cast Iron w/flexible couplings, SDC C, BRACING FRAGILITY",
  "QuantityUnit": [
    1000.0,
    "LF"
  ],
  "Directional": false,
  "Correlated": false,
  "EDP": {
    "Type": "Peak Floor Acceleration",
    "Unit": [
      1.0,
      "g"
    ],
    "Offset": 1
  },
  "GeneralInformation": {
    "ID": "D2031.012b",
    "Description": "Costing based upon 1000 ft segments of pipe",
    "Author": "Not Given",
    "Official": true,
    "DateCreated": "2019-02-19T17:53:00.2898633-08:00",
    "Approved": true,
    "Incomplete": true,
    "Notes": "Consequence is for piping only.  Enter floor wetting consequence seperately.  Cost includes allowance for MEP relocation to perform work."
  },
  "Ratings": {
    "DataQuality": "Not Rated",
    "DataRelevance": "Not Rated",
    "Documentation": "Not Rated",
    "Rationality": "Not Rated"
  },
  "DSGroups": [
    {
      "MedianEDP": "1.2",
      "Beta": "Undefined",
      "CurveType": "LogNormal",
      "DSGroupType": "Single",
      "DamageStates": [
        {
          "Weight": 1.0,
          "LongLeadTime": 0.0,
          "Consequences": {
            "ReconstructionCost": {
              "Amount": [
                "800.0",
                "240.0"
              ],
              "Quantity": [
                5.0,
                10.0
              ],
              "CurveType": "LogNormal",
              "Beta": 0.5758,
              "Bounds": [
                0.0,
                "None"
              ]
            },
            "ReconstructionTime": {
              "Amount": [
                "0.847",
                "0.2541"
              ],
              "Quantity": [
                5.0,
                10.0
              ],
              "CurveType": "LogNormal",
              "Beta": 0.6277,
              "Bounds": [
                0.0,
                "None"
              ]
            }
          },
          "Description": "Isolated support failure w/o leakage - 0.5 supports fail per 1000 feet of pipe (assuming supports every 20 feet).",
          "RepairMeasures": "Replace failed supports - 0.5 per 1000 LF. "
        }
      ]
    },
    {
      "MedianEDP": "2.4",
      "Beta": "Undefined",
      "CurveType": "LogNormal",
      "DSGroupType": "Single",
      "DamageStates": [
        {
          "Weight": 1.0,
          "LongLeadTime": 0.0,
          "Consequences": {
            "ReconstructionCost": {
              "Amount": [
                "5700.0",
                "1710.0"
              ],
              "Quantity": [
                5.0,
                10.0
              ],
              "CurveType": "LogNormal",
              "Beta": 0.3401,
              "Bounds": [
                0.0,
                "None"
              ]
            },
            "ReconstructionTime": {
              "Amount": [
                "6.0352",
                "1.8105"
              ],
              "Quantity": [
                5.0,
                10.0
              ],
              "CurveType": "LogNormal",
              "Beta": 0.4221,
              "Bounds": [
                0.0,
                "None"
              ]
            }
          },
          "Description": "Multiple supports failure and    60 feet of pipe fail per 1000 feet of pipe (assuming supports every 20 feet).",
          "RepairMeasures": "Replace failed supports and 60 ft pipe per 1000 LF."
        }
      ]
    }
  ]
}