{
  "Name": "Sanitary Waste Piping - Cast Iron w/bell and spigot couplings, SDC D,E,F (OSHPD or sim), BRACING FRAGILITY",
  "QuantityUnit": [
    1000.0,
    "LF"
  ],
  "Directional": false,
  "Correlated": false,
  "EDP": {
    "Type": "Peak Floor Acceleration",
    "Unit": [
      1.0,
      "g"
    ],
    "Offset": 1
  },
  "GeneralInformation": {
    "ID": "D2031.024b",
    "Description": "Costing based upon 1000 ft segments of pipe",
    "Author": "Not Given",
    "Official": true,
    "DateCreated": "2019-02-19T17:53:05.8433079-08:00",
    "Approved": true,
    "Incomplete": true,
    "Notes": "Consequence is for piping only.  Enter floor wetting consequence seperately.  Cost includes allowance for MEP relocation to perform work."
  },
  "Ratings": {
    "DataQuality": "Not Rated",
    "DataRelevance": "Not Rated",
    "Documentation": "Not Rated",
    "Rationality": "Not Rated"
  },
  "DSGroups": [
    {
      "MedianEDP": "2.25",
      "Beta": "Undefined",
      "CurveType": "LogNormal",
      "DSGroupType": "Single",
      "DamageStates": [
        {
          "Weight": 1.0,
          "LongLeadTime": 0.0,
          "Consequences": {
            "ReconstructionCost": {
              "Amount": [
                "800.0",
                "240.0"
              ],
              "Quantity": [
                5.0,
                10.0
              ],
              "CurveType": "LogNormal",
              "Beta": 0.7056,
              "Bounds": [
                0.0,
                "None"
              ]
            },
            "ReconstructionTime": {
              "Amount": [
                "0.847",
                "0.2541"
              ],
              "Quantity": [
                5.0,
                10.0
              ],
              "CurveType": "LogNormal",
              "Beta": 0.7485,
              "Bounds": [
                0.0,
                "None"
              ]
            }
          },
          "Description": "Isolated support failure w/o leakage - 0.5 supports fail per 1000 feet of pipe (assuming supports every 20 feet).",
          "RepairMeasures": "Retighten flange bolts at leaking joints."
        }
      ]
    }
  ]
}