{
  "Name": "Steam Piping - Large Diameter Welded Steel - (greater than 2.5 inches in diameter), SDC C, PIPING FRAGILITY",
  "QuantityUnit": [
    1000.0,
    "LF"
  ],
  "Directional": false,
  "Correlated": false,
  "EDP": {
    "Type": "Peak Floor Acceleration",
    "Unit": [
      1.0,
      "g"
    ],
    "Offset": 1
  },
  "GeneralInformation": {
    "ID": "D2061.022a",
    "Description": "Costing based upon 1000 ft segments of pipe, pipe greater than 2.5 inches in diameter",
    "Author": "Not Given",
    "Official": true,
    "DateCreated": "2019-02-19T17:53:19.7999121-08:00",
    "Approved": true,
    "Incomplete": true,
    "Notes": "Consequence is for piping only.  Enter floor wetting consequence seperately.  Cost includes allowance for MEP relocation to perform work."
  },
  "Ratings": {
    "DataQuality": "Not Rated",
    "DataRelevance": "Not Rated",
    "Documentation": "Not Rated",
    "Rationality": "Not Rated"
  },
  "DSGroups": [
    {
      "MedianEDP": "1.5",
      "Beta": "Undefined",
      "CurveType": "LogNormal",
      "DSGroupType": "Single",
      "DamageStates": [
        {
          "Weight": 1.0,
          "LongLeadTime": 0.0,
          "Consequences": {
            "ReconstructionCost": {
              "Amount": [
                "700.0",
                "210.0"
              ],
              "Quantity": [
                5.0,
                10.0
              ],
              "CurveType": "LogNormal",
              "Beta": 0.6488,
              "Bounds": [
                0.0,
                "None"
              ]
            },
            "ReconstructionTime": {
              "Amount": [
                "0.7412",
                "0.2224"
              ],
              "Quantity": [
                5.0,
                10.0
              ],
              "CurveType": "LogNormal",
              "Beta": 0.6953,
              "Bounds": [
                0.0,
                "None"
              ]
            }
          },
          "Description": "Minor leakage at flange connections  -  1 leak per 1000  feet of pipe.",
          "RepairMeasures": "Retighten flange bolts at leaking joints, 1 joint per 1000 LF."
        }
      ]
    },
    {
      "MedianEDP": "2.6",
      "Beta": "Undefined",
      "CurveType": "LogNormal",
      "DSGroupType": "Single",
      "DamageStates": [
        {
          "Weight": 1.0,
          "LongLeadTime": 0.0,
          "Consequences": {
            "ReconstructionCost": {
              "Amount": [
                "6700.0",
                "2010.0"
              ],
              "Quantity": [
                5.0,
                10.0
              ],
              "CurveType": "LogNormal",
              "Beta": 0.4038,
              "Bounds": [
                0.0,
                "None"
              ]
            },
            "ReconstructionTime": {
              "Amount": [
                "7.0942",
                "2.1283"
              ],
              "Quantity": [
                5.0,
                10.0
              ],
              "CurveType": "LogNormal",
              "Beta": 0.4749,
              "Bounds": [
                0.0,
                "None"
              ]
            }
          },
          "Description": "Pipe Break - 1 break per 1000 feet of pipe.   Replace one 20 ft section per 1000 LF pipe.",
          "RepairMeasures": "Replace 20 foot sections of pipe where breaks occur, one per 1000 LF."
        }
      ]
    }
  ]
}