{
  "Name": "Chiller - Capacity: 100 to <350 Ton - Equipment that is either hard anchored or is vibration isolated with seismic snubbers/restraints - Equipment fragility only",
  "QuantityUnit": [
    1.0,
    "ea"
  ],
  "Directional": false,
  "Correlated": false,
  "EDP": {
    "Type": "Peak Floor Acceleration",
    "Unit": [
      1.0,
      "g"
    ],
    "Offset": 0
  },
  "GeneralInformation": {
    "ID": "D3031.013e",
    "Description": "Costing is per unit and is based upon 250 Ton.",
    "Author": "Not Given",
    "Official": true,
    "DateCreated": "2019-02-19T17:50:46.1888726-08:00",
    "Approved": true,
    "Incomplete": false,
    "Notes": "None"
  },
  "Ratings": {
    "DataQuality": "Average",
    "DataRelevance": "Average",
    "Documentation": "Superior",
    "Rationality": "Superior"
  },
  "DSGroups": [
    {
      "MedianEDP": "0.72",
      "Beta": "0.2",
      "CurveType": "LogNormal",
      "DSGroupType": "Single",
      "DamageStates": [
        {
          "Weight": 1.0,
          "LongLeadTime": 1.0,
          "Consequences": {
            "ReconstructionCost": {
              "Amount": [
                "168300.0",
                "137700.0"
              ],
              "Quantity": [
                1.0,
                5.0
              ],
              "CurveType": "LogNormal",
              "Beta": 0.1711,
              "Bounds": [
                0.0,
                "None"
              ]
            },
            "ReconstructionTime": {
              "Amount": [
                "39.375",
                "11.8125"
              ],
              "Quantity": [
                1.0,
                5.0
              ],
              "CurveType": "LogNormal",
              "Beta": 0.3029,
              "Bounds": [
                0.0,
                "None"
              ]
            }
          },
          "Description": "Damaged, inoperative but anchorage is OK.",
          "RepairMeasures": "Repair chiller and attached piping.  Chiller removed, repaired offsite, and reinstalled.",
          "DamageImageName": "D3031.013a-DS1-1.JPG"
        }
      ]
    }
  ]
}