{
  "Name": "Cooling Tower - Capacity: 350 to <750 Ton - Vibration isolated equipment that is not snubbed or restrained - Anchorage fragility only",
  "QuantityUnit": [
    1.0,
    "ea"
  ],
  "Directional": false,
  "Correlated": false,
  "EDP": {
    "Type": "Peak Floor Acceleration",
    "Unit": [
      1.0,
      "g"
    ],
    "Offset": 0
  },
  "GeneralInformation": {
    "ID": "D3031.022g",
    "Description": "Costing is per unit and is based upon 500 Ton.",
    "Author": "Not Given",
    "Official": true,
    "DateCreated": "2019-02-19T17:50:53.468688-08:00",
    "Approved": true,
    "Incomplete": true,
    "Notes": "User to provide median demand and dispersion values.  The values listed are default PACT values and do not represent the response of this component."
  },
  "Ratings": {
    "DataQuality": "Average",
    "DataRelevance": "Average",
    "Documentation": "Superior",
    "Rationality": "Superior"
  },
  "DSGroups": [
    {
      "MedianEDP": "Undefined",
      "Beta": "Undefined",
      "CurveType": "LogNormal",
      "DSGroupType": "MutuallyExclusive",
      "DamageStates": [
        {
          "Weight": 0.7,
          "LongLeadTime": 1.0,
          "Consequences": {
            "ReconstructionCost": {
              "Amount": [
                "2420.0",
                "1980.0"
              ],
              "Quantity": [
                1.0,
                5.0
              ],
              "CurveType": "Normal",
              "Beta": 0.297,
              "Bounds": [
                0.0,
                "None"
              ]
            },
            "ReconstructionTime": {
              "Amount": [
                "2.847",
                "2.3294"
              ],
              "Quantity": [
                1.0,
                5.0
              ],
              "CurveType": "Normal",
              "Beta": 0.3882,
              "Bounds": [
                0.0,
                "None"
              ]
            }
          },
          "Description": "Anchorage failure.",
          "RepairMeasures": "Repair anchorage and concrete pad and remount equipment."
        },
        {
          "Weight": 0.3,
          "LongLeadTime": 1.0,
          "Consequences": {
            "ReconstructionCost": {
              "Amount": [
                "145640.0",
                "119160.0"
              ],
              "Quantity": [
                1.0,
                5.0
              ],
              "CurveType": "LogNormal",
              "Beta": 0.1784,
              "Bounds": [
                0.0,
                "None"
              ]
            },
            "ReconstructionTime": {
              "Amount": [
                "31.153",
                "7.7882"
              ],
              "Quantity": [
                1.0,
                5.0
              ],
              "CurveType": "LogNormal",
              "Beta": 0.3072,
              "Bounds": [
                0.0,
                "None"
              ]
            }
          },
          "Description": "Anchorage failure & Equipment damaged beyond repair.",
          "RepairMeasures": "Replace equipment including attached utilities in addition to repairing anchorage and concrete pad.  Cooling tower removed, repaired offsite, and reinstalled."
        }
      ]
    }
  ]
}