{
  "Name": "Compressor - Capacity: Large medical quality air supply - Vibration isolated equipment that is not snubbed or restrained - Combined anchorage/isolator & equipment fragility",
  "QuantityUnit": [
    1.0,
    "EA"
  ],
  "Directional": false,
  "Correlated": false,
  "EDP": {
    "Type": "Peak Floor Acceleration",
    "Unit": [
      1.0,
      "g"
    ],
    "Offset": 0
  },
  "GeneralInformation": {
    "ID": "D3032.012l",
    "Description": "Costing is per unit.",
    "Author": "Not Given",
    "Official": true,
    "DateCreated": "2019-02-19T17:51:06.9821952-08:00",
    "Approved": true,
    "Incomplete": true,
    "Notes": "User to provide median demand and dispersion values.  The values listed are default PACT values and do not represent the response of this component."
  },
  "Ratings": {
    "DataQuality": "Average",
    "DataRelevance": "Average",
    "Documentation": "Superior",
    "Rationality": "Superior"
  },
  "DSGroups": [
    {
      "MedianEDP": "Undefined",
      "Beta": "Undefined",
      "CurveType": "LogNormal",
      "DSGroupType": "MutuallyExclusive",
      "DamageStates": [
        {
          "Weight": 0.35,
          "LongLeadTime": 0.0,
          "Consequences": {
            "ReconstructionCost": {
              "Amount": [
                "935.0",
                "765.0"
              ],
              "Quantity": [
                1.0,
                5.0
              ],
              "CurveType": "LogNormal",
              "Beta": 0.4444,
              "Bounds": [
                0.0,
                "None"
              ]
            },
            "ReconstructionTime": {
              "Amount": [
                "0.33",
                "0.27"
              ],
              "Quantity": [
                1.0,
                5.0
              ],
              "CurveType": "LogNormal",
              "Beta": 0.5099,
              "Bounds": [
                0.0,
                "None"
              ]
            }
          },
          "Description": "Anchorage failure.",
          "RepairMeasures": "Repair anchorage and concrete pad and remount equipment.",
          "DamageImageName": "D3032.011a-DS1-1.JPG"
        },
        {
          "Weight": 0.15,
          "LongLeadTime": 1.0,
          "Consequences": {
            "ReconstructionCost": {
              "Amount": [
                "33935.0",
                "27765.0"
              ],
              "Quantity": [
                1.0,
                5.0
              ],
              "CurveType": "LogNormal",
              "Beta": 0.1983,
              "Bounds": [
                0.0,
                "None"
              ]
            },
            "ReconstructionTime": {
              "Amount": [
                "11.977",
                "9.7994"
              ],
              "Quantity": [
                1.0,
                5.0
              ],
              "CurveType": "LogNormal",
              "Beta": 0.3191,
              "Bounds": [
                0.0,
                "None"
              ]
            }
          },
          "Description": "Anchorage failure & Equipment damaged beyond repair.",
          "RepairMeasures": "Replace equipment including attached utilities in addition to repairing anchorage and concrete pad."
        },
        {
          "Weight": 0.25,
          "LongLeadTime": 0.0,
          "Consequences": {
            "ReconstructionCost": {
              "Amount": [
                "4400.0",
                "3600.0"
              ],
              "Quantity": [
                1.0,
                5.0
              ],
              "CurveType": "LogNormal",
              "Beta": 0.1713,
              "Bounds": [
                0.0,
                "None"
              ]
            },
            "ReconstructionTime": {
              "Amount": [
                "1.553",
                "1.2706"
              ],
              "Quantity": [
                1.0,
                5.0
              ],
              "CurveType": "LogNormal",
              "Beta": 0.3031,
              "Bounds": [
                0.0,
                "None"
              ]
            }
          },
          "Description": "Motor damaged but anchorage is OK.",
          "RepairMeasures": "Repair Motor - Anchorage and Concrete do not require replacement"
        },
        {
          "Weight": 0.25,
          "LongLeadTime": 1.0,
          "Consequences": {
            "ReconstructionCost": {
              "Amount": [
                "33935.0",
                "27765.0"
              ],
              "Quantity": [
                1.0,
                5.0
              ],
              "CurveType": "LogNormal",
              "Beta": 0.1983,
              "Bounds": [
                0.0,
                "None"
              ]
            },
            "ReconstructionTime": {
              "Amount": [
                "11.977",
                "9.7994"
              ],
              "Quantity": [
                1.0,
                5.0
              ],
              "CurveType": "LogNormal",
              "Beta": 0.3191,
              "Bounds": [
                0.0,
                "None"
              ]
            }
          },
          "Description": "Equipment damaged beyond repair but anchorage is OK.",
          "RepairMeasures": "Replace and install equipment including new anchorage if anchorage is post-installed."
        }
      ]
    }
  ]
}