{
  "Name": "Compressor - Capacity: Small medical quality air supply - Unanchored equipment that is not vibration isolated - Equipment fragility only",
  "QuantityUnit": [
    1.0,
    "EA"
  ],
  "Directional": false,
  "Correlated": false,
  "EDP": {
    "Type": "Peak Floor Acceleration",
    "Unit": [
      1.0,
      "g"
    ],
    "Offset": 0
  },
  "GeneralInformation": {
    "ID": "D3032.011c",
    "Description": "Costing is per unit.",
    "Author": "Not Given",
    "Official": true,
    "DateCreated": "2019-02-19T17:51:01.4877447-08:00",
    "Approved": true,
    "Incomplete": false,
    "Notes": "None"
  },
  "Ratings": {
    "DataQuality": "Average",
    "DataRelevance": "Average",
    "Documentation": "Superior",
    "Rationality": "Superior"
  },
  "DSGroups": [
    {
      "MedianEDP": "0.25",
      "Beta": "0.45",
      "CurveType": "LogNormal",
      "DSGroupType": "MutuallyExclusive",
      "DamageStates": [
        {
          "Weight": 0.5,
          "LongLeadTime": 0.0,
          "Consequences": {
            "ReconstructionCost": {
              "Amount": [
                "990.0",
                "810.0"
              ],
              "Quantity": [
                1.0,
                5.0
              ],
              "CurveType": "LogNormal",
              "Beta": 0.1691,
              "Bounds": [
                0.0,
                "None"
              ]
            },
            "ReconstructionTime": {
              "Amount": [
                "1.1647",
                "0.9529"
              ],
              "Quantity": [
                1.0,
                5.0
              ],
              "CurveType": "LogNormal",
              "Beta": 0.3018,
              "Bounds": [
                0.0,
                "None"
              ]
            }
          },
          "Description": "Equipment does not function. Motor is damaged.",
          "RepairMeasures": "Repair motor.",
          "DamageImageName": "D3032.011a-DS1-1.JPG"
        },
        {
          "Weight": 0.5,
          "LongLeadTime": 1.0,
          "Consequences": {
            "ReconstructionCost": {
              "Amount": [
                "9020.0",
                "7380.0"
              ],
              "Quantity": [
                1.0,
                5.0
              ],
              "CurveType": "LogNormal",
              "Beta": 0.22,
              "Bounds": [
                0.0,
                "None"
              ]
            },
            "ReconstructionTime": {
              "Amount": [
                "1.9294",
                "0.4824"
              ],
              "Quantity": [
                1.0,
                5.0
              ],
              "CurveType": "LogNormal",
              "Beta": 0.333,
              "Bounds": [
                0.0,
                "None"
              ]
            }
          },
          "Description": "Equipment does not function. Equipment damaged beyond repair.",
          "RepairMeasures": "Replace equipment."
        }
      ]
    }
  ]
}