{
  "Name": "Chiller - Capacity: < 100 Ton - Equipment that is either hard anchored or is vibration isolated with seismic snubbers/restraints - Combined anchorage/isolator & equipment fragility",
  "QuantityUnit": [
    1.0,
    "ea"
  ],
  "Directional": false,
  "Correlated": false,
  "EDP": {
    "Type": "Peak Floor Acceleration",
    "Unit": [
      1.0,
      "g"
    ],
    "Offset": 0
  },
  "GeneralInformation": {
    "ID": "D3031.013c",
    "Description": "Costing is per unit and is based upon 75 Ton.",
    "Author": "Not Given",
    "Official": true,
    "DateCreated": "2019-02-19T17:50:45.441097-08:00",
    "Approved": true,
    "Incomplete": false,
    "Notes": "User to provide median demand and dispersion values.  The values listed are default PACT values and do not represent the response of this component."
  },
  "Ratings": {
    "DataQuality": "Average",
    "DataRelevance": "Average",
    "Documentation": "Superior",
    "Rationality": "Superior"
  },
  "DSGroups": [
    {
      "MedianEDP": "2.141",
      "Beta": "0.5",
      "CurveType": "LogNormal",
      "DSGroupType": "MutuallyExclusive",
      "DamageStates": [
        {
          "Weight": 0.35,
          "LongLeadTime": 0.0,
          "Consequences": {
            "ReconstructionCost": {
              "Amount": [
                "1100.0",
                "900.0"
              ],
              "Quantity": [
                1.0,
                5.0
              ],
              "CurveType": "LogNormal",
              "Beta": 0.4523,
              "Bounds": [
                0.0,
                "None"
              ]
            },
            "ReconstructionTime": {
              "Amount": [
                "1.2941",
                "1.0589"
              ],
              "Quantity": [
                1.0,
                5.0
              ],
              "CurveType": "LogNormal",
              "Beta": 0.5168,
              "Bounds": [
                0.0,
                "None"
              ]
            }
          },
          "Description": "Anchorage failure.",
          "RepairMeasures": "Repair anchorage and concrete pad and remount equipment.",
          "DamageImageName": "D3031.013a-DS1-1.JPG"
        },
        {
          "Weight": 0.15,
          "LongLeadTime": 1.0,
          "Consequences": {
            "ReconstructionCost": {
              "Amount": [
                "51920.0",
                "42480.0"
              ],
              "Quantity": [
                1.0,
                5.0
              ],
              "CurveType": "LogNormal",
              "Beta": 0.1843,
              "Bounds": [
                0.0,
                "None"
              ]
            },
            "ReconstructionTime": {
              "Amount": [
                "11.1058",
                "2.7764"
              ],
              "Quantity": [
                1.0,
                5.0
              ],
              "CurveType": "LogNormal",
              "Beta": 0.3106,
              "Bounds": [
                0.0,
                "None"
              ]
            }
          },
          "Description": "Anchorage failure & Equipment damaged beyond repair.",
          "RepairMeasures": "Replace equipment including attached utilities in addition to repairing anchorage and concrete pad.  Chiller removed, repaired offsite, and reinstalled."
        },
        {
          "Weight": 0.5,
          "LongLeadTime": 0.0,
          "Consequences": {
            "ReconstructionCost": {
              "Amount": [
                "51920.0",
                "42480.0"
              ],
              "Quantity": [
                1.0,
                5.0
              ],
              "CurveType": "LogNormal",
              "Beta": 0.1843,
              "Bounds": [
                0.0,
                "None"
              ]
            },
            "ReconstructionTime": {
              "Amount": [
                "16.6588",
                "5.553"
              ],
              "Quantity": [
                1.0,
                5.0
              ],
              "CurveType": "LogNormal",
              "Beta": 0.3106,
              "Bounds": [
                0.0,
                "None"
              ]
            }
          },
          "Description": "Damaged, Inoperative but anchorage is OK.",
          "RepairMeasures": "Repair chiller and attached piping.  Chiller removed, repaired offsite, and reinstalled."
        }
      ]
    }
  ]
}