{
  "Name": "HVAC Fan In Line Fan, Fan independently supported but not on vibration isolators, SDC D, E, F (OSHPD or sim)",
  "QuantityUnit": [
    10.0,
    "EA"
  ],
  "Directional": false,
  "Correlated": false,
  "EDP": {
    "Type": "Peak Floor Acceleration",
    "Unit": [
      1.0,
      "g"
    ],
    "Offset": 1
  },
  "GeneralInformation": {
    "ID": "D3041.002d",
    "Description": "Costing per 10 units",
    "Author": "Not Given",
    "Official": true,
    "DateCreated": "2019-02-19T17:51:15.8003133-08:00",
    "Approved": true,
    "Incomplete": false,
    "Notes": "One failure is expected per 10 units."
  },
  "Ratings": {
    "DataQuality": "Marginal",
    "DataRelevance": "Superior",
    "Documentation": "Marginal",
    "Rationality": "Marginal"
  },
  "DSGroups": [
    {
      "MedianEDP": "2.25",
      "Beta": "0.4",
      "CurveType": "LogNormal",
      "DSGroupType": "Single",
      "DamageStates": [
        {
          "Weight": 1.0,
          "LongLeadTime": 0.0,
          "Consequences": {
            "ReconstructionCost": {
              "Amount": [
                "7700.0",
                "6300.0"
              ],
              "Quantity": [
                1.0,
                5.0
              ],
              "CurveType": "LogNormal",
              "Beta": 0.3425,
              "Bounds": [
                0.0,
                "None"
              ]
            },
            "ReconstructionTime": {
              "Amount": [
                "9.0585",
                "7.4115"
              ],
              "Quantity": [
                1.0,
                5.0
              ],
              "CurveType": "LogNormal",
              "Beta": 0.424,
              "Bounds": [
                0.0,
                "None"
              ]
            }
          },
          "Description": "Bellows fails at fans.",
          "RepairMeasures": "Replace failed bellows."
        }
      ]
    }
  ]
}