{
  "Name": "HVAC Galvanized Sheet Metal Ducting less than 6 sq. ft in cross sectional area, SDC D, E, or F (OSHPD or sim)",
  "QuantityUnit": [
    1000.0,
    "LF"
  ],
  "Directional": false,
  "Correlated": false,
  "EDP": {
    "Type": "Peak Floor Acceleration",
    "Unit": [
      1.0,
      "g"
    ],
    "Offset": 1
  },
  "GeneralInformation": {
    "ID": "D3041.011d",
    "Description": "Costing based upon 1000 ft segments of duct",
    "Author": "Not Given",
    "Official": true,
    "DateCreated": "2019-02-19T17:51:17.3971536-08:00",
    "Approved": true,
    "Incomplete": false,
    "Notes": "None"
  },
  "Ratings": {
    "DataQuality": "Marginal",
    "DataRelevance": "Superior",
    "Documentation": "Marginal",
    "Rationality": "Marginal"
  },
  "DSGroups": [
    {
      "MedianEDP": "1.5",
      "Beta": "0.4",
      "CurveType": "LogNormal",
      "DSGroupType": "Single",
      "DamageStates": [
        {
          "Weight": 1.0,
          "LongLeadTime": 0.0,
          "Consequences": {
            "Injuries": [
              {
                "Amount": "0.0",
                "Beta": 0.0,
                "CurveType": "Normal",
                "Bounds": [
                  0.0,
                  1.0
                ]
              },
              {
                "Amount": 0.0,
                "Beta": 0.0,
                "CurveType": "Normal",
                "Bounds": [
                  0.0,
                  1.0
                ]
              }
            ],
            "ReconstructionCost": {
              "Amount": [
                "715.0",
                "585.0"
              ],
              "Quantity": [
                1.0,
                5.0
              ],
              "CurveType": "LogNormal",
              "Beta": 0.3674,
              "Bounds": [
                0.0,
                "None"
              ]
            },
            "ReconstructionTime": {
              "Amount": [
                "0.8412",
                "0.6882"
              ],
              "Quantity": [
                1.0,
                5.0
              ],
              "CurveType": "LogNormal",
              "Beta": 0.4444,
              "Bounds": [
                0.0,
                "None"
              ]
            }
          },
          "Description": "Individual supports fail and duct sags - 1 failed support per 1000 feet of ducting.",
          "RepairMeasures": "Replace failed supports and repair ducting in vicinity of failed supports.",
          "AffectedArea": [
            0.0,
            "SF"
          ]
        }
      ]
    },
    {
      "MedianEDP": "2.25",
      "Beta": "0.4",
      "CurveType": "LogNormal",
      "DSGroupType": "Single",
      "DamageStates": [
        {
          "Weight": 1.0,
          "LongLeadTime": 0.0,
          "Consequences": {
            "Injuries": [
              {
                "Amount": 0.05,
                "Beta": 0.5,
                "CurveType": "Normal",
                "Bounds": [
                  0.0,
                  1.0
                ]
              },
              {
                "Amount": 0.0,
                "Beta": 0.0,
                "CurveType": "Normal",
                "Bounds": [
                  0.0,
                  1.0
                ]
              }
            ],
            "ReconstructionCost": {
              "Amount": [
                "6985.0",
                "5715.0"
              ],
              "Quantity": [
                1.0,
                5.0
              ],
              "CurveType": "LogNormal",
              "Beta": 0.1002,
              "Bounds": [
                0.0,
                "None"
              ]
            },
            "ReconstructionTime": {
              "Amount": [
                "2.9883",
                "1.4941"
              ],
              "Quantity": [
                1.0,
                5.0
              ],
              "CurveType": "LogNormal",
              "Beta": 0.2693,
              "Bounds": [
                0.0,
                "None"
              ]
            }
          },
          "Description": "Several adjacent supports fail and sections of ducting fall - 60 feet of ducting fail and fall per 1000 foot of ducting.",
          "RepairMeasures": "Replace sections of failed ducting and supports.",
          "AffectedArea": [
            15.0,
            "SF"
          ]
        }
      ]
    }
  ]
}