{
  "Name": "Air Handling Unit - Capacity: <5000 CFM - Equipment that is either hard anchored or is vibration isolated with seismic snubbers/restraints - Equipment fragility only",
  "QuantityUnit": [
    1.0,
    "ea"
  ],
  "Directional": false,
  "Correlated": false,
  "EDP": {
    "Type": "Peak Floor Acceleration",
    "Unit": [
      1.0,
      "g"
    ],
    "Offset": 0
  },
  "GeneralInformation": {
    "ID": "D3052.013b",
    "Description": "Costing is per unit and is based upon 4000 CFM.",
    "Author": "Not Given",
    "Official": true,
    "DateCreated": "2019-02-19T17:51:31.4187513-08:00",
    "Approved": true,
    "Incomplete": false,
    "Notes": "None"
  },
  "Ratings": {
    "DataQuality": "Average",
    "DataRelevance": "Average",
    "Documentation": "Superior",
    "Rationality": "Superior"
  },
  "DSGroups": [
    {
      "MedianEDP": "1.54",
      "Beta": "0.6",
      "CurveType": "LogNormal",
      "DSGroupType": "MutuallyExclusive",
      "DamageStates": [
        {
          "Weight": 0.67,
          "LongLeadTime": 0.0,
          "Consequences": {
            "ReconstructionCost": {
              "Amount": [
                "1100.0",
                "900.0"
              ],
              "Quantity": [
                1.0,
                5.0
              ],
              "CurveType": "LogNormal",
              "Beta": 0.1511,
              "Bounds": [
                0.0,
                "None"
              ]
            },
            "ReconstructionTime": {
              "Amount": [
                "0.4705",
                "0.2353"
              ],
              "Quantity": [
                1.0,
                5.0
              ],
              "CurveType": "LogNormal",
              "Beta": 0.2921,
              "Bounds": [
                0.0,
                "None"
              ]
            }
          },
          "Description": "Equipment does not function but anchorage is OK. Damage to attached ducting or piping.",
          "RepairMeasures": "Repair attached ducting or piping.",
          "DamageImageName": "D3052.011b-DS1-1.JPG"
        },
        {
          "Weight": 0.33,
          "LongLeadTime": 1.0,
          "Consequences": {
            "ReconstructionCost": {
              "Amount": [
                "32120.0",
                "26280.0"
              ],
              "Quantity": [
                1.0,
                5.0
              ],
              "CurveType": "LogNormal",
              "Beta": 0.1655,
              "Bounds": [
                0.0,
                "None"
              ]
            },
            "ReconstructionTime": {
              "Amount": [
                "10.3059",
                "3.4353"
              ],
              "Quantity": [
                1.0,
                5.0
              ],
              "CurveType": "LogNormal",
              "Beta": 0.2998,
              "Bounds": [
                0.0,
                "None"
              ]
            }
          },
          "Description": "Equipment does not function but anchorage is OK. Equipment damaged beyond repair.",
          "RepairMeasures": "Replace equipment.  Remove, repair offsite, and reinstall air handler."
        }
      ]
    }
  ]
}