{
  "Name": "Air Handling Unit - Capacity: 25000 to <40000 CFM - Unanchored equipment that is not vibration isolated - Equipment fragility only",
  "QuantityUnit": [
    1.0,
    "ea"
  ],
  "Directional": false,
  "Correlated": false,
  "EDP": {
    "Type": "Peak Floor Acceleration",
    "Unit": [
      1.0,
      "g"
    ],
    "Offset": 0
  },
  "GeneralInformation": {
    "ID": "D3052.011d",
    "Description": "Costing is per unit and is based upon 30000 CFM.",
    "Author": "Not Given",
    "Official": true,
    "DateCreated": "2019-02-19T17:51:30.5008431-08:00",
    "Approved": true,
    "Incomplete": false,
    "Notes": "None"
  },
  "Ratings": {
    "DataQuality": "Average",
    "DataRelevance": "Average",
    "Documentation": "Superior",
    "Rationality": "Superior"
  },
  "DSGroups": [
    {
      "MedianEDP": "0.25",
      "Beta": "0.4",
      "CurveType": "LogNormal",
      "DSGroupType": "MutuallyExclusive",
      "DamageStates": [
        {
          "Weight": 0.67,
          "LongLeadTime": 0.0,
          "Consequences": {
            "ReconstructionCost": {
              "Amount": [
                "2200.0",
                "1800.0"
              ],
              "Quantity": [
                1.0,
                5.0
              ],
              "CurveType": "LogNormal",
              "Beta": 0.1713,
              "Bounds": [
                0.0,
                "None"
              ]
            },
            "ReconstructionTime": {
              "Amount": [
                "2.5882",
                "2.1176"
              ],
              "Quantity": [
                1.0,
                5.0
              ],
              "CurveType": "LogNormal",
              "Beta": 0.3031,
              "Bounds": [
                0.0,
                "None"
              ]
            }
          },
          "Description": "Equipment does not function. Damage to attached ducting or piping.",
          "RepairMeasures": "Repair attached ducting or piping.",
          "DamageImageName": "D3052.011b-DS1-1.JPG"
        },
        {
          "Weight": 0.33,
          "LongLeadTime": 1.0,
          "Consequences": {
            "ReconstructionCost": {
              "Amount": [
                "204600.0",
                "167400.0"
              ],
              "Quantity": [
                1.0,
                5.0
              ],
              "CurveType": "LogNormal",
              "Beta": 0.1745,
              "Bounds": [
                0.0,
                "None"
              ]
            },
            "ReconstructionTime": {
              "Amount": [
                "37.2",
                "7.6588"
              ],
              "Quantity": [
                1.0,
                5.0
              ],
              "CurveType": "LogNormal",
              "Beta": 0.3049,
              "Bounds": [
                0.0,
                "None"
              ]
            }
          },
          "Description": "Equipment does not function Equipment damaged beyond repair.",
          "RepairMeasures": "Replace equipment.  Remove, repair offsite, and reinstall air handler."
        }
      ]
    }
  ]
}