{
  "Name": "Low Voltage Switchgear - Capacity: 350 to <750 Amp - Equipment that is either hard anchored or is vibration isolated with seismic snubbers/restraints - Anchorage fragility only",
  "QuantityUnit": [
    1.0,
    "ea"
  ],
  "Directional": false,
  "Correlated": false,
  "EDP": {
    "Type": "Peak Floor Acceleration",
    "Unit": [
      1.0,
      "g"
    ],
    "Offset": 0
  },
  "GeneralInformation": {
    "ID": "D5012.023d",
    "Description": "Costing is per unit and is based upon 400 Amp.",
    "Author": "Not Given",
    "Official": true,
    "DateCreated": "2019-02-19T17:51:58.7880141-08:00",
    "Approved": true,
    "Incomplete": true,
    "Notes": "User to provide median demand and dispersion values.  The values listed are default PACT values and do not represent the response of this component."
  },
  "Ratings": {
    "DataQuality": "Superior",
    "DataRelevance": "Average",
    "Documentation": "Superior",
    "Rationality": "Superior"
  },
  "DSGroups": [
    {
      "MedianEDP": "Undefined",
      "Beta": "Undefined",
      "CurveType": "LogNormal",
      "DSGroupType": "MutuallyExclusive",
      "DamageStates": [
        {
          "Weight": 0.7,
          "LongLeadTime": 0.0,
          "Consequences": {
            "ReconstructionCost": {
              "Amount": [
                "880.0",
                "720.0"
              ],
              "Quantity": [
                1.0,
                5.0
              ],
              "CurveType": "LogNormal",
              "Beta": 0.4138,
              "Bounds": [
                0.0,
                "None"
              ]
            },
            "ReconstructionTime": {
              "Amount": [
                "1.0353",
                "0.8471"
              ],
              "Quantity": [
                1.0,
                5.0
              ],
              "CurveType": "LogNormal",
              "Beta": 0.4834,
              "Bounds": [
                0.0,
                "None"
              ]
            }
          },
          "Description": "Anchorage failure.",
          "RepairMeasures": "Repair anchorage and concrete pad and remount equipment."
        },
        {
          "Weight": 0.3,
          "LongLeadTime": 0.0,
          "Consequences": {
            "ReconstructionCost": {
              "Amount": [
                "19910.0",
                "16290.0"
              ],
              "Quantity": [
                1.0,
                5.0
              ],
              "CurveType": "LogNormal",
              "Beta": 0.1866,
              "Bounds": [
                0.0,
                "None"
              ]
            },
            "ReconstructionTime": {
              "Amount": [
                "5.3235",
                "1.597"
              ],
              "Quantity": [
                1.0,
                5.0
              ],
              "CurveType": "LogNormal",
              "Beta": 0.312,
              "Bounds": [
                0.0,
                "None"
              ]
            }
          },
          "Description": "Anchorage failure & Equipment damaged beyond repair.",
          "RepairMeasures": "Replace equipment including attached utilities in addition to repairing anchorage and concrete pad."
        }
      ]
    }
  ]
}