{
  "Name": "Distribution Panel - Capacity: 100 to <350 Amp - Unanchored equipment that is not vibration isolated - Equipment fragility only",
  "QuantityUnit": [
    1.0,
    "ea"
  ],
  "Directional": false,
  "Correlated": false,
  "EDP": {
    "Type": "Peak Floor Acceleration",
    "Unit": [
      1.0,
      "g"
    ],
    "Offset": 0
  },
  "GeneralInformation": {
    "ID": "D5012.031a",
    "Description": "Costing is per unit and is based upon 225 Amp.",
    "Author": "Not Given",
    "Official": true,
    "DateCreated": "2019-02-19T17:52:03.0975831-08:00",
    "Approved": true,
    "Incomplete": false,
    "Notes": "None"
  },
  "Ratings": {
    "DataQuality": "Superior",
    "DataRelevance": "Average",
    "Documentation": "Superior",
    "Rationality": "Superior"
  },
  "DSGroups": [
    {
      "MedianEDP": "2.16",
      "Beta": "0.45",
      "CurveType": "LogNormal",
      "DSGroupType": "Single",
      "DamageStates": [
        {
          "Weight": 1.0,
          "LongLeadTime": 0.0,
          "Consequences": {
            "ReconstructionCost": {
              "Amount": [
                "12057.5",
                "8347.5"
              ],
              "Quantity": [
                1.0,
                5.0
              ],
              "CurveType": "LogNormal",
              "Beta": 0.1572,
              "Bounds": [
                0.0,
                "None"
              ]
            },
            "ReconstructionTime": {
              "Amount": [
                "5.4559",
                "1.0912"
              ],
              "Quantity": [
                1.0,
                5.0
              ],
              "CurveType": "LogNormal",
              "Beta": 0.2953,
              "Bounds": [
                0.0,
                "None"
              ]
            }
          },
          "Description": "Damaged, inoperative but anchorage is OK.",
          "RepairMeasures": "Replace equipment",
          "DamageImageName": "D5012.031b-DS1-1.JPG"
        }
      ]
    }
  ]
}