{
  "Name": "Motor Control Center - Capacity: all - Equipment that is either hard anchored or is vibration isolated with seismic snubbers/restraints - Combined anchorage/isolator & equipment fragility",
  "QuantityUnit": [
    1.0,
    "EA"
  ],
  "Directional": false,
  "Correlated": false,
  "EDP": {
    "Type": "Peak Floor Acceleration",
    "Unit": [
      1.0,
      "g"
    ],
    "Offset": 0
  },
  "GeneralInformation": {
    "ID": "D5012.013d",
    "Description": "Costing is per unit.",
    "Author": "Not Given",
    "Official": true,
    "DateCreated": "2019-02-19T17:51:55.0433886-08:00",
    "Approved": true,
    "Incomplete": false,
    "Notes": "User to provide median demand and dispersion values.  The values listed are default PACT values and do not represent the response of this component."
  },
  "Ratings": {
    "DataQuality": "Superior",
    "DataRelevance": "Average",
    "Documentation": "Superior",
    "Rationality": "Superior"
  },
  "DSGroups": [
    {
      "MedianEDP": "0.6691",
      "Beta": "0.5",
      "CurveType": "LogNormal",
      "DSGroupType": "MutuallyExclusive",
      "DamageStates": [
        {
          "Weight": 0.35,
          "LongLeadTime": 0.0,
          "Consequences": {
            "ReconstructionCost": {
              "Amount": [
                "550.0",
                "450.0"
              ],
              "Quantity": [
                1.0,
                5.0
              ],
              "CurveType": "Normal",
              "Beta": 0.2825,
              "Bounds": [
                0.0,
                "None"
              ]
            },
            "ReconstructionTime": {
              "Amount": [
                "0.647",
                "0.5294"
              ],
              "Quantity": [
                1.0,
                5.0
              ],
              "CurveType": "Normal",
              "Beta": 0.3773,
              "Bounds": [
                0.0,
                "None"
              ]
            }
          },
          "Description": "Anchorage failure.",
          "RepairMeasures": "If anchored repair anchorage and concrete pad and remount equipment."
        },
        {
          "Weight": 0.15,
          "LongLeadTime": 0.0,
          "Consequences": {
            "ReconstructionCost": {
              "Amount": [
                "5115.0",
                "4185.0"
              ],
              "Quantity": [
                1.0,
                5.0
              ],
              "CurveType": "Normal",
              "Beta": 0.193,
              "Bounds": [
                0.0,
                "None"
              ]
            },
            "ReconstructionTime": {
              "Amount": [
                "1.6412",
                "0.547"
              ],
              "Quantity": [
                1.0,
                5.0
              ],
              "CurveType": "Normal",
              "Beta": 0.3158,
              "Bounds": [
                0.0,
                "None"
              ]
            }
          },
          "Description": "Anchorage failure & Equipment damaged beyond repair.",
          "RepairMeasures": "Replace equipment including attached utilities in addition to repairing anchorage and concrete pad if anchored.",
          "DamageImageName": "D5010.011a-DS1-1.JPG"
        },
        {
          "Weight": 0.5,
          "LongLeadTime": 0.0,
          "Consequences": {
            "ReconstructionCost": {
              "Amount": [
                "4565.0",
                "3735.0"
              ],
              "Quantity": [
                1.0,
                5.0
              ],
              "CurveType": "Normal",
              "Beta": 0.1826,
              "Bounds": [
                0.0,
                "None"
              ]
            },
            "ReconstructionTime": {
              "Amount": [
                "1.4647",
                "0.4883"
              ],
              "Quantity": [
                1.0,
                5.0
              ],
              "CurveType": "Normal",
              "Beta": 0.3096,
              "Bounds": [
                0.0,
                "None"
              ]
            }
          },
          "Description": "Damaged, Inoperative but anchorage is OK.",
          "RepairMeasures": "Replace equipment."
        }
      ]
    }
  ]
}