{
  "Name": "Diesel generator - Capacity: 1200 to 2000 kVa - Equipment that is either hard anchored or is vibration isolated with seismic snubbers/restraints - Equipment fragility only",
  "QuantityUnit": [
    1.0,
    "ea"
  ],
  "Directional": false,
  "Correlated": false,
  "EDP": {
    "Type": "Peak Floor Acceleration",
    "Unit": [
      1.0,
      "g"
    ],
    "Offset": 0
  },
  "GeneralInformation": {
    "ID": "D5092.033k",
    "Description": "Costing is per unit and is based upon 1500 kVa.",
    "Author": "Not Given",
    "Official": true,
    "DateCreated": "2019-02-19T17:52:27.3951531-08:00",
    "Approved": true,
    "Incomplete": false,
    "Notes": "None"
  },
  "Ratings": {
    "DataQuality": "Average",
    "DataRelevance": "Average",
    "Documentation": "Superior",
    "Rationality": "Superior"
  },
  "DSGroups": [
    {
      "MedianEDP": "2.0",
      "Beta": "0.2",
      "CurveType": "LogNormal",
      "DSGroupType": "MutuallyExclusive",
      "DamageStates": [
        {
          "Weight": 0.7,
          "LongLeadTime": 1.0,
          "Consequences": {
            "ReconstructionCost": {
              "Amount": [
                "1650.0",
                "1050.0"
              ],
              "Quantity": [
                1.0,
                5.0
              ],
              "CurveType": "LogNormal",
              "Beta": 0.17,
              "Bounds": [
                0.0,
                "None"
              ]
            },
            "ReconstructionTime": {
              "Amount": [
                "0.2427",
                "0.1544"
              ],
              "Quantity": [
                1.0,
                5.0
              ],
              "CurveType": "LogNormal",
              "Beta": 0.3023,
              "Bounds": [
                0.0,
                "None"
              ]
            }
          },
          "Description": "Damaged, inoperative but anchorage is OK. Pipes and nozzles damaged.",
          "RepairMeasures": "Repair fracture pipes and damaged nozzles.",
          "DamageImageName": "D5092.031b-DS1-1.JPG"
        },
        {
          "Weight": 0.1,
          "LongLeadTime": 1.0,
          "Consequences": {
            "ReconstructionCost": {
              "Amount": [
                "11000.0",
                "9000.0"
              ],
              "Quantity": [
                1.0,
                5.0
              ],
              "CurveType": "LogNormal",
              "Beta": 0.1713,
              "Bounds": [
                0.0,
                "None"
              ]
            },
            "ReconstructionTime": {
              "Amount": [
                "1.6177",
                "1.3235"
              ],
              "Quantity": [
                1.0,
                5.0
              ],
              "CurveType": "LogNormal",
              "Beta": 0.3031,
              "Bounds": [
                0.0,
                "None"
              ]
            }
          },
          "Description": "Damaged, inoperative but anchorage is OK. Drive shaft misalignment.",
          "RepairMeasures": "Overhaul because of drive shaft misalignment."
        },
        {
          "Weight": 0.1,
          "LongLeadTime": 1.0,
          "Consequences": {
            "ReconstructionCost": {
              "Amount": [
                "1320.0",
                "1080.0"
              ],
              "Quantity": [
                1.0,
                5.0
              ],
              "CurveType": "LogNormal",
              "Beta": 0.1713,
              "Bounds": [
                0.0,
                "None"
              ]
            },
            "ReconstructionTime": {
              "Amount": [
                "0.1941",
                "0.1589"
              ],
              "Quantity": [
                1.0,
                5.0
              ],
              "CurveType": "LogNormal",
              "Beta": 0.3031,
              "Bounds": [
                0.0,
                "None"
              ]
            }
          },
          "Description": "Damaged, inoperative but anchorage is OK. Minor electrical damage, e.g., failed relay.",
          "RepairMeasures": "Minor electrical repair e.g., replace relay."
        },
        {
          "Weight": 0.1,
          "LongLeadTime": 1.0,
          "Consequences": {
            "ReconstructionCost": {
              "Amount": [
                "1320.0",
                "1080.0"
              ],
              "Quantity": [
                1.0,
                5.0
              ],
              "CurveType": "LogNormal",
              "Beta": 0.1713,
              "Bounds": [
                0.0,
                "None"
              ]
            },
            "ReconstructionTime": {
              "Amount": [
                "0.1941",
                "0.1589"
              ],
              "Quantity": [
                1.0,
                5.0
              ],
              "CurveType": "LogNormal",
              "Beta": 0.3031,
              "Bounds": [
                0.0,
                "None"
              ]
            }
          },
          "Description": "Damaged, inoperative but anchorage is OK. Exhaust line disconnected at expansion bellows.",
          "RepairMeasures": "Reconnect exhaust line."
        }
      ]
    }
  ]
}