{
  "Name": "Diesel generator - Capacity: 350 to <750 kVA - Equipment that is either hard anchored or is vibration isolated with seismic snubbers/restraints - Combined anchorage/isolator & equipment fragility",
  "QuantityUnit": [
    1,
    "ea"
  ],
  "Directional": false,
  "Correlated": false,
  "EDP": {
    "Type": "Peak Floor Acceleration",
    "Unit": [
      1,
      "g"
    ],
    "Offset": 0
  },
  "GeneralInformation": {
    "ID": "D5092.033f",
    "Description": "Costing is per unit and is based upon 500 kVa.",
    "Author": "Not Given",
    "Official": true,
    "DateCreated": "2019-02-19T17:52:24.9184008-08:00",
    "Approved": true,
    "Incomplete": false,
    "Notes": "User to provide median demand and dispersion values.  The values listed are default PACT values and do not represent the response of this component."
  },
  "Ratings": {
    "DataQuality": "Average",
    "DataRelevance": "Average",
    "Documentation": "Superior",
    "Rationality": "Superior"
  },
  "DSGroups": [
    {
      "MedianEDP": 2.4,
      "Beta": 0.4,
      "CurveType": "LogNormal",
      "DSGroupType": "MutuallyExclusive",
      "DamageStates": [
        {
          "Weight": 0.35,
          "LongLeadTime": true,
          "Consequences": {
            "ReconstructionCost": {
              "Amount": [
                1650.0,
                1350.0
              ],
              "Quantity": [
                1.0,
                5.0
              ],
              "CurveType": "Normal",
              "Beta": 0.3985,
              "Bounds": [
                0,
                "None"
              ]
            },
            "ReconstructionTime": {
              "Amount": [
                1.8198,
                1.489
              ],
              "Quantity": [
                1.0,
                5.0
              ],
              "CurveType": "Normal",
              "Beta": 0.4704,
              "Bounds": [
                0,
                "None"
              ]
            }
          },
          "Description": "Anchorage failure.",
          "RepairMeasures": "Repair anchorage and concrete pad and remount equipment.",
          "DamageImageName": "D5092.031a-DS1-1.JPG"
        },
        {
          "Weight": 0.15,
          "LongLeadTime": true,
          "Consequences": {
            "ReconstructionCost": {
              "Amount": [
                224950.0,
                184050.0
              ],
              "Quantity": [
                1.0,
                5.0
              ],
              "CurveType": "LogNormal",
              "Beta": 0.1738,
              "Bounds": [
                0,
                "None"
              ]
            },
            "ReconstructionTime": {
              "Amount": [
                56.3878,
                16.9164
              ],
              "Quantity": [
                1.0,
                5.0
              ],
              "CurveType": "LogNormal",
              "Beta": 0.3045,
              "Bounds": [
                0,
                "None"
              ]
            }
          },
          "Description": "Anchorage failure & Equipment damaged beyond repair.",
          "RepairMeasures": "Replace equipment including attached utilities in addition to repairing anchorage and concrete pad."
        },
        {
          "Weight": 0.4,
          "LongLeadTime": true,
          "Consequences": {
            "ReconstructionCost": {
              "Amount": [
                440.0,
                360.0
              ],
              "Quantity": [
                1.0,
                5.0
              ],
              "CurveType": "LogNormal",
              "Beta": 0.1713,
              "Bounds": [
                0,
                "None"
              ]
            },
            "ReconstructionTime": {
              "Amount": [
                0.4853,
                0.3971
              ],
              "Quantity": [
                1.0,
                5.0
              ],
              "CurveType": "LogNormal",
              "Beta": 0.3031,
              "Bounds": [
                0,
                "None"
              ]
            }
          },
          "Description": "Damaged, Inoperative but anchorage is OK",
          "RepairMeasures": "Repair fracture pipes & damaged nozzles, and or reconnect exhaust line."
        },
        {
          "Weight": 0.05,
          "LongLeadTime": true,
          "Consequences": {
            "ReconstructionCost": {
              "Amount": [
                5500.0,
                4500.0
              ],
              "Quantity": [
                1.0,
                5.0
              ],
              "CurveType": "LogNormal",
              "Beta": 0.1713,
              "Bounds": [
                0,
                "None"
              ]
            },
            "ReconstructionTime": {
              "Amount": [
                6.0662,
                4.9632
              ],
              "Quantity": [
                1.0,
                5.0
              ],
              "CurveType": "LogNormal",
              "Beta": 0.3031,
              "Bounds": [
                0,
                "None"
              ]
            }
          },
          "Description": "Equipment is damaged and inoperative but anchorage is OK.",
          "RepairMeasures": "Overhaul because of drive shaft misalignment."
        },
        {
          "Weight": 0.05,
          "LongLeadTime": true,
          "Consequences": {
            "ReconstructionCost": {
              "Amount": [
                880.0,
                720.0
              ],
              "Quantity": [
                1.0,
                5.0
              ],
              "CurveType": "LogNormal",
              "Beta": 0.1713,
              "Bounds": [
                0,
                "None"
              ]
            },
            "ReconstructionTime": {
              "Amount": [
                0.9706,
                0.7942
              ],
              "Quantity": [
                1.0,
                5.0
              ],
              "CurveType": "LogNormal",
              "Beta": 0.3031,
              "Bounds": [
                0,
                "None"
              ]
            }
          },
          "Description": "Equipment is damaged and inoperative but anchorage is OK.",
          "RepairMeasures": "minor electrical repair e.g., replace relays."
        }
      ]
    }
  ]
}