{
  "Name": "Diesel generator - Capacity: 350 to <750 kVA - Vibration isolated equipment that is not snubbed or restrained - Combined anchorage/isolator & equipment fragility",
  "QuantityUnit": [
    1.0,
    "ea"
  ],
  "Directional": false,
  "Correlated": false,
  "EDP": {
    "Type": "Peak Floor Acceleration",
    "Unit": [
      1.0,
      "g"
    ],
    "Offset": 0
  },
  "GeneralInformation": {
    "ID": "D5092.032f",
    "Description": "Costing is per unit and is based upon 500 kVa.",
    "Author": "Not Given",
    "Official": true,
    "DateCreated": "2019-02-19T17:52:18.9919935-08:00",
    "Approved": true,
    "Incomplete": true,
    "Notes": "User to provide median demand and dispersion values.  The values listed are default PACT values and do not represent the response of this component."
  },
  "Ratings": {
    "DataQuality": "Average",
    "DataRelevance": "Average",
    "Documentation": "Superior",
    "Rationality": "Superior"
  },
  "DSGroups": [
    {
      "MedianEDP": "Undefined",
      "Beta": "Undefined",
      "CurveType": "LogNormal",
      "DSGroupType": "MutuallyExclusive",
      "DamageStates": [
        {
          "Weight": 0.35,
          "LongLeadTime": 1.0,
          "Consequences": {
            "ReconstructionCost": {
              "Amount": [
                "1950.0",
                "1350.0"
              ],
              "Quantity": [
                1.0,
                5.0
              ],
              "CurveType": "Normal",
              "Beta": 0.3985,
              "Bounds": [
                0.0,
                "None"
              ]
            },
            "ReconstructionTime": {
              "Amount": [
                "2.0073",
                "1.3897"
              ],
              "Quantity": [
                1.0,
                5.0
              ],
              "CurveType": "Normal",
              "Beta": 0.4704,
              "Bounds": [
                0.0,
                "None"
              ]
            }
          },
          "Description": "Anchorage failure.",
          "RepairMeasures": "Repair anchorage and concrete pad and remount equipment.",
          "DamageImageName": "D5092.031a-DS1-1.JPG"
        },
        {
          "Weight": 0.15,
          "LongLeadTime": 1.0,
          "Consequences": {
            "ReconstructionCost": {
              "Amount": [
                "265850.0",
                "184050.0"
              ],
              "Quantity": [
                1.0,
                5.0
              ],
              "CurveType": "LogNormal",
              "Beta": 0.1738,
              "Bounds": [
                0.0,
                "None"
              ]
            },
            "ReconstructionTime": {
              "Amount": [
                "94.7316",
                "15.7886"
              ],
              "Quantity": [
                1.0,
                5.0
              ],
              "CurveType": "LogNormal",
              "Beta": 0.3045,
              "Bounds": [
                0.0,
                "None"
              ]
            }
          },
          "Description": "Anchorage failure & Equipment damaged beyond repair.",
          "RepairMeasures": "Replace equipment including attached utilities in addition to repairing anchorage and concrete pad."
        },
        {
          "Weight": 0.4,
          "LongLeadTime": 1.0,
          "Consequences": {
            "ReconstructionCost": {
              "Amount": [
                "520.0",
                "360.0"
              ],
              "Quantity": [
                1.0,
                5.0
              ],
              "CurveType": "LogNormal",
              "Beta": 0.1713,
              "Bounds": [
                0.0,
                "None"
              ]
            },
            "ReconstructionTime": {
              "Amount": [
                "0.5353",
                "0.3706"
              ],
              "Quantity": [
                1.0,
                5.0
              ],
              "CurveType": "LogNormal",
              "Beta": 0.3031,
              "Bounds": [
                0.0,
                "None"
              ]
            }
          },
          "Description": "Damaged, Inoperative but anchorage is OK",
          "RepairMeasures": "Repair fracture pipes & damaged nozzles, and or reconnect exhaust line."
        },
        {
          "Weight": 0.05,
          "LongLeadTime": 1.0,
          "Consequences": {
            "ReconstructionCost": {
              "Amount": [
                "6500.0",
                "4500.0"
              ],
              "Quantity": [
                1.0,
                5.0
              ],
              "CurveType": "LogNormal",
              "Beta": 0.1713,
              "Bounds": [
                0.0,
                "None"
              ]
            },
            "ReconstructionTime": {
              "Amount": [
                "6.6912",
                "4.6324"
              ],
              "Quantity": [
                1.0,
                5.0
              ],
              "CurveType": "LogNormal",
              "Beta": 0.3031,
              "Bounds": [
                0.0,
                "None"
              ]
            }
          },
          "Description": "Equipment is damaged and inoperative but anchorage is OK.",
          "RepairMeasures": "Overhaul because of drive shaft misalignment."
        },
        {
          "Weight": 0.05,
          "LongLeadTime": 1.0,
          "Consequences": {
            "ReconstructionCost": {
              "Amount": [
                "1040.0",
                "720.0"
              ],
              "Quantity": [
                1.0,
                5.0
              ],
              "CurveType": "LogNormal",
              "Beta": 0.1713,
              "Bounds": [
                0.0,
                "None"
              ]
            },
            "ReconstructionTime": {
              "Amount": [
                "1.0706",
                "0.7411"
              ],
              "Quantity": [
                1.0,
                5.0
              ],
              "CurveType": "LogNormal",
              "Beta": 0.3031,
              "Bounds": [
                0.0,
                "None"
              ]
            }
          },
          "Description": "Equipment is damaged and inoperative but anchorage is OK.",
          "RepairMeasures": "minor electrical repair e.g., replace relays."
        }
      ]
    }
  ]
}