{
  "Name": "Desktop electronics including computers, monitors, stereos, etc, smooth surface",
  "QuantityUnit": [
    1,
    "EA"
  ],
  "Directional": false,
  "Correlated": false,
  "EDP": {
    "Type": "Peak Floor Acceleration",
    "Unit": [
      1,
      "g"
    ],
    "Offset": 0
  },
  "GeneralInformation": {
    "ID": "E2022.023",
    "Description": "Costing to be furnished by user.  Consequence data assumes 16 SF of damage area.",
    "Author": "Not Given",
    "Official": true,
    "DateCreated": "2019-02-19T17:52:32.8506075-08:00",
    "Approved": true,
    "Incomplete": false,
    "Notes": "This component requires user specified cost and time consequence data.  Values within PACT are defaults (equal to zero) and do not represent actual consequence."
  },
  "Ratings": {
    "DataQuality": "Not Rated",
    "DataRelevance": "Not Rated",
    "Documentation": "Not Rated",
    "Rationality": "Not Rated"
  },
  "DSGroups": [
    {
      "MedianEDP": 0.4,
      "Beta": 0.5,
      "CurveType": "LogNormal",
      "DSGroupType": "Single",
      "DamageStates": [
        {
          "Weight": 1.0,
          "LongLeadTime": false,
          "Consequences": {
            "Injuries": [
              {
                "Amount": 0.1,
                "Beta": 0.5,
                "CurveType": "Normal",
                "Bounds": [
                  0.0,
                  1.0
                ]
              },
              {
                "Amount": 0.0,
                "Beta": 0.0,
                "CurveType": "Normal",
                "Bounds": [
                  0.0,
                  1.0
                ]
              }
            ],
            "ReconstructionCost": {
              "Amount": [2000.0, 2000.0],
              "Quantity": [
                1.0,
                1.0
              ],
              "CurveType": "Normal",
              "Beta": 0.5,
              "Bounds": [
                0,
                "None"
              ]
            },
            "ReconstructionTime": {
              "Amount": [1.0, 1.0],
              "Quantity": [
                1.0,
                1.0
              ],
              "CurveType": "Normal",
              "Beta": 0.5,
              "Bounds": [
                0,
                "None"
              ]
            }
          },
          "Description": "Falls, does not function.",
          "RepairMeasures": "Replace equipment.  User must supply replacement cost.",
          "DamageImageName": "E2022.020-DS1-1.JPG",
          "AffectedArea": [
            16,
            "SF"
          ]
        }
      ]
    }
  ]
}