{
  "Name": "Fragile contents on shelves in storage cabinets with latches",
  "QuantityUnit": [
    1.0,
    "EA"
  ],
  "Directional": false,
  "Correlated": false,
  "EDP": {
    "Type": "Peak Floor Acceleration",
    "Unit": [
      1.0,
      "g"
    ],
    "Offset": 0
  },
  "GeneralInformation": {
    "ID": "E2022.012",
    "Description": "Costing to be furnished by user.  Consequence data assumes 16 SF of damage area.",
    "Author": "Not Given",
    "Official": true,
    "DateCreated": "2019-02-19T17:52:30.0598866-08:00",
    "Approved": true,
    "Incomplete": true,
    "Notes": "This component requires user specified cost and time consequence data.  Values within PACT are defaults (equal to zero) and do not represent actual consequence."
  },
  "Ratings": {
    "DataQuality": "Not Rated",
    "DataRelevance": "Not Rated",
    "Documentation": "Not Rated",
    "Rationality": "Not Rated"
  },
  "DSGroups": [
    {
      "MedianEDP": "0.6",
      "Beta": "0.6",
      "CurveType": "LogNormal",
      "DSGroupType": "Single",
      "DamageStates": [
        {
          "Weight": 1.0,
          "LongLeadTime": 0.0,
          "Consequences": {
            "Injuries": [
              {
                "Amount": "0.05",
                "Beta": 0.5,
                "CurveType": "Normal",
                "Bounds": [
                  0.0,
                  1.0
                ]
              },
              {
                "Amount": 0.0,
                "Beta": 0.0,
                "CurveType": "Normal",
                "Bounds": [
                  0.0,
                  1.0
                ]
              }
            ],
            "ReconstructionCost": {
              "Amount": [
                "U",
                "n"
              ],
              "Quantity": [
                1.0,
                1.0
              ],
              "CurveType": "Normal",
              "Beta": 0.5,
              "Bounds": [
                0.0,
                "None"
              ]
            },
            "ReconstructionTime": {
              "Amount": [
                "U",
                "n"
              ],
              "Quantity": [
                1.0,
                1.0
              ],
              "CurveType": "Normal",
              "Beta": 0.5,
              "Bounds": [
                0.0,
                "None"
              ]
            }
          },
          "Description": "Object falls off shelf or shelf overturns and object breaks or object breaks within cabinet.",
          "RepairMeasures": "Replace object.  Note:  user must supply cost of replacement.",
          "DamageImageName": "E2022.010-DS1-1.JPG",
          "AffectedArea": [
            16.0,
            "SF"
          ]
        }
      ]
    }
  ]
}