{
  "Name": "Vertical Filing Cabinet, 4 drawer, unanchored laterally",
  "QuantityUnit": [
    1.0,
    "EA"
  ],
  "Directional": false,
  "Correlated": false,
  "EDP": {
    "Type": "Peak Floor Velocity",
    "Unit": [
      1.0,
      "mps"
    ],
    "Offset": 0
  },
  "GeneralInformation": {
    "ID": "E2022.114a",
    "Description": "Filing cabinet, unanchored laterally.  Cabinet has 4 drawers and is 15\" deep x 52\" tall",
    "Author": "Not Given",
    "Official": true,
    "DateCreated": "2019-02-19T17:52:40.3158609-08:00",
    "Approved": true,
    "Incomplete": true,
    "Notes": "Peak floor velocity limit is calculated as a function of the aspect ratio of the filing cabinet and the building period, T.  At the ground floor the fragility will be based upon the ground motion only.  This component requires user specified cost and time consequence data.  Values within PACT are defaults (equal to zero) and do not represent actual consequence."
  },
  "Ratings": {
    "DataQuality": "Not Rated",
    "DataRelevance": "Not Rated",
    "Documentation": "Not Rated",
    "Rationality": "Not Rated"
  },
  "DSGroups": [
    {
      "MedianEDP": "0.498",
      "Beta": "0.5",
      "CurveType": "LogNormal",
      "DSGroupType": "Single",
      "DamageStates": [
        {
          "Weight": 1.0,
          "LongLeadTime": 0.0,
          "Consequences": {
            "Injuries": [
              {
                "Amount": "Undefined",
                "Beta": 0.5,
                "CurveType": "Normal"
              },
              {
                "Amount": 0.0,
                "Beta": 0.0,
                "CurveType": "Normal",
                "Bounds": [
                  0.0,
                  1.0
                ]
              }
            ],
            "ReconstructionCost": {
              "Amount": [
                "U",
                "n"
              ],
              "Quantity": [
                1.0,
                1.0
              ],
              "CurveType": "Normal",
              "Beta": 0.5,
              "Bounds": [
                0.0,
                "None"
              ]
            },
            "ReconstructionTime": {
              "Amount": [
                "U",
                "n"
              ],
              "Quantity": [
                1.0,
                1.0
              ],
              "CurveType": "Normal",
              "Beta": 0.5,
              "Bounds": [
                0.0,
                "None"
              ]
            }
          },
          "Description": "Filing cabinet falls over and contents are scattered.  Likely damage to file cabinet.  ",
          "RepairMeasures": "Replace filing cabinet and refile / replace contents.  ",
          "AffectedArea": [
            10.0,
            "SF"
          ]
        }
      ]
    }
  ]
}