{
  "Name": "Storage racks designed and installed before 2007, big box retail (12' to 15' tall)",
  "QuantityUnit": [
    50.0,
    "LF"
  ],
  "Directional": false,
  "Correlated": false,
  "EDP": {
    "Type": "Peak Floor Acceleration",
    "Unit": [
      1.0,
      "g"
    ],
    "Offset": 0
  },
  "GeneralInformation": {
    "ID": "F1012.001",
    "Description": "Standard pallet back to back storage rack.  Three to five levels tall with total height from 15 to 20 ft.  Costing assumes one single side access rack.  Costing of rack and restocking based upon 50 LF of rack.  Costing of rack contents to be furnished by user.   ",
    "Author": "Not Given",
    "Official": true,
    "DateCreated": "2019-02-19T17:52:43.8415083-08:00",
    "Approved": true,
    "Incomplete": true,
    "Notes": "None"
  },
  "Ratings": {
    "DataQuality": "Average",
    "DataRelevance": "Average",
    "Documentation": "Average",
    "Rationality": "Average"
  },
  "DSGroups": [
    {
      "MedianEDP": "0.42",
      "Beta": "0.4",
      "CurveType": "LogNormal",
      "DSGroupType": "MutuallyExclusive",
      "DamageStates": [
        {
          "Weight": 0.6,
          "LongLeadTime": 0.0,
          "Consequences": {
            "ReconstructionCost": {
              "Amount": [
                "6200.0",
                "1860.0"
              ],
              "Quantity": [
                26.0,
                260.0
              ],
              "CurveType": "LogNormal",
              "Beta": 0.3622,
              "Bounds": [
                0.0,
                "None"
              ]
            },
            "ReconstructionTime": {
              "Amount": [
                "6.8391",
                "2.0524"
              ],
              "Quantity": [
                26.0,
                260.0
              ],
              "CurveType": "LogNormal",
              "Beta": 0.4401,
              "Bounds": [
                0.0,
                "None"
              ]
            }
          },
          "Description": "Significant merchandise shedding from rack shelves.",
          "RepairMeasures": "Minor repair to storage rack.  Resort and restock shelves.  Clean up debris.  ",
          "DamageImageName": "F1012.001-DS1-1.JPG"
        },
        {
          "Weight": 0.4,
          "LongLeadTime": 0.0,
          "Consequences": {
            "ReconstructionCost": {
              "Amount": [
                "37300.0",
                "11190.0"
              ],
              "Quantity": [
                26.0,
                260.0
              ],
              "CurveType": "LogNormal",
              "Beta": 0.2881,
              "Bounds": [
                0.0,
                "None"
              ]
            },
            "ReconstructionTime": {
              "Amount": [
                "41.1399",
                "12.3421"
              ],
              "Quantity": [
                26.0,
                260.0
              ],
              "CurveType": "LogNormal",
              "Beta": 0.3815,
              "Bounds": [
                0.0,
                "None"
              ]
            }
          },
          "Description": "Significant structural damage to rack structure.",
          "RepairMeasures": "Remove and replace storage rack system.  Make minor repair to adjacent finishes.  Resort and restock shelves.  Clean up debris.  ",
          "DamageImageName": "F1012.001-DS2-1.JPG"
        }
      ]
    }
  ]
}