{
    "Applications":{
        "DL":{
            "Application":"pelicun", 
            "ApplicationData":{
                "filenameEDP":"EDP.csv"
            }
        }, 
        "EDP":{
            "Application":"StandardEarthquakeEDP", 
            "ApplicationData":{
                
            }
        }, 
        "Events":[
            {
                "Application":"StochasticGroundMotion", 
                "ApplicationData":{
                    "modelName":"VlachosSiteSpecificEQ", 
                    "seed":500
                }, 
                "EventClassification":"Earthquake"
            }
        ], 
        "Modeling":{
            "Application":"MDOF_BuildingModel", 
            "ApplicationData":{
                
            }
        }, 
        "Simulation":{
            "Application":"OpenSees-Simulation", 
            "ApplicationData":{
                
            }
        }, 
        "UQ":{
            "Application":"Dakota-UQ1", 
            "ApplicationData":{
                
            }
        }
    }, 
    "DamageAndLoss":{
        "CollapseModes":[
            {
                "affected_area":"1.0", 
                "injuries":"0.2, 0.8", 
                "name":"complete", 
                "weight":"0.05"
            }, 
            {
                "affected_area":"0.3", 
                "injuries":"0.4, 0.5", 
                "name":"partial", 
                "weight":"0.25"
            }, 
            {
                "affected_area":"0.1", 
                "injuries":"0.3, 0.1", 
                "name":"partial2", 
                "weight":"0.7"
            }
        ], 
        "ComponentDataFolder": "Fragility Data with modifications",
        "Components":{
            "B1031.001":[
                {
                    "cov":"", 
                    "direction":"1", 
                    "distribution":"N/A", 
                    "location":"all", 
                    "median_quantity":"1,1,1,1,1,1,1,1,1,1,1,1,1,1,1,1,1,1,1,1,1,1,1,1", 
                    "unit":"ea"
                }, 
                {
                    "cov":"", 
                    "direction":"2", 
                    "distribution":"N/A", 
                    "location":"all", 
                    "median_quantity":"1,1,1,1,1,1,1,1,1,1,1,1,1,1,1,1,1,1,1,1,1,1,1,1", 
                    "unit":"ea"
                }
            ], 
            "B1031.011a":[
                {
                    "cov":"", 
                    "direction":"1", 
                    "distribution":"N/A", 
                    "location":"1", 
                    "median_quantity":"1,1,1,1,1,1,1,1,1,1", 
                    "unit":"ea"
                }, 
                {
                    "cov":"", 
                    "direction":"2", 
                    "distribution":"N/A", 
                    "location":"1", 
                    "median_quantity":"1,1,1,1,1,1,1,1,1,1", 
                    "unit":"ea"
                }
            ], 
            "B1031.021a":[
                {
                    "cov":"", 
                    "direction":"1", 
                    "distribution":"N/A", 
                    "location":"2", 
                    "median_quantity":"1,1,1,1,1,1,1,1,1,1", 
                    "unit":"ea"
                }, 
                {
                    "cov":"", 
                    "direction":"2", 
                    "distribution":"N/A", 
                    "location":"2", 
                    "median_quantity":"1,1,1,1,1,1,1,1,1,1", 
                    "unit":"ea"
                }
            ], 
            "B1035.001":[
                {
                    "cov":"", 
                    "direction":"1", 
                    "distribution":"N/A", 
                    "location":"all", 
                    "median_quantity":"1,1,1,1", 
                    "unit":"ea"
                }, 
                {
                    "cov":"", 
                    "direction":"2", 
                    "distribution":"N/A", 
                    "location":"all", 
                    "median_quantity":"1,1,1,1", 
                    "unit":"ea"
                }
            ], 
            "B1035.011":[
                {
                    "cov":"", 
                    "direction":"1", 
                    "distribution":"N/A", 
                    "location":"all", 
                    "median_quantity":"1,1,1,1,1,1", 
                    "unit":"ea"
                }, 
                {
                    "cov":"", 
                    "direction":"2", 
                    "distribution":"N/A", 
                    "location":"all", 
                    "median_quantity":"1,1,1,1,1,1", 
                    "unit":"ea"
                }
            ], 
            "B2011.201a":[
                {
                    "cov":"", 
                    "direction":"1", 
                    "distribution":"N/A", 
                    "location":"all", 
                    "median_quantity":"30,3", 
                    "unit":"ft"
                }, 
                {
                    "cov":"", 
                    "direction":"2", 
                    "distribution":"N/A", 
                    "location":"all", 
                    "median_quantity":"30,3", 
                    "unit":"ft"
                }
            ], 
            "B2011.201b":[
                {
                    "cov":"", 
                    "direction":"1", 
                    "distribution":"N/A", 
                    "location":"all", 
                    "median_quantity":"30,3", 
                    "unit":"ft"
                }, 
                {
                    "cov":"", 
                    "direction":"2", 
                    "distribution":"N/A", 
                    "location":"all", 
                    "median_quantity":"30,3", 
                    "unit":"ft"
                }
            ], 
            "B2022.002":[
                {
                    "cov":"", 
                    "direction":"1", 
                    "distribution":"N/A", 
                    "location":"all", 
                    "median_quantity":"30,30,30,30,30,30,30,30,30,30,30,30,30,30,30,30,30,30,30,30,30,30,30,30,30,30,30,30,30,30,30,30,30,30,30,30,30,30,30,30,30,30,30,30,30,30,30,30,30,30,30,30,30,30,30,30,30,30,30,30,30,30,30,30,30,30,30,30,30,30,30,30,6.00000000000009", 
                    "unit":"ft2"
                }, 
                {
                    "cov":"", 
                    "direction":"2", 
                    "distribution":"N/A", 
                    "location":"all", 
                    "median_quantity":"30,30,30,30,30,30,30,30,30,30,30,30,30,30,30,30,30,30,30,30,30,30,30,30,30,30,30,30,30,30,30,30,30,30,30,30,30,30,30,30,30,30,30,30,30,30,30,30,30,30,30,30,30,30,30,30,30,30,30,30,30,30,30,30,30,30,30,30,30,30,30,30,6.00000000000009", 
                    "unit":"ft2"
                }
            ], 
            "C1011.001b":[
                {
                    "cov":"", 
                    "direction":"1", 
                    "distribution":"N/A", 
                    "location":"all", 
                    "median_quantity":"100,100,100,100,100", 
                    "unit":"ft"
                }, 
                {
                    "cov":"", 
                    "direction":"2", 
                    "distribution":"N/A", 
                    "location":"all", 
                    "median_quantity":"100,100,100,100,100", 
                    "unit":"ft"
                }
            ], 
            "C3011.001b":[
                {
                    "cov":"", 
                    "direction":"1", 
                    "distribution":"N/A", 
                    "location":"all", 
                    "median_quantity":"40", 
                    "unit":"ft"
                }, 
                {
                    "cov":"", 
                    "direction":"2", 
                    "distribution":"N/A", 
                    "location":"all", 
                    "median_quantity":"40", 
                    "unit":"ft"
                }
            ], 
            "C2011.001b":[
                {
                    "cov":"", 
                    "direction":"1", 
                    "distribution":"N/A", 
                    "location":"all", 
                    "median_quantity":"1", 
                    "unit":"ea"
                }, 
                {
                    "cov":"", 
                    "direction":"2", 
                    "distribution":"N/A", 
                    "location":"all", 
                    "median_quantity":"1", 
                    "unit":"ea"
                }
            ], 
            "C3027.002":[
                {
                    "cov":"", 
                    "direction":"1", 
                    "distribution":"N/A", 
                    "location":"all", 
                    "median_quantity":"100,100,100,100,100,100,100,100,100,100,100,100,100,100,100,100,100,100,100,100,100,100,100,100,100,100,100,100,100,100,100,100,100,100,100,100,100,100,100,100,100,100,100,100,100,100,100,100,100,100,100,100,100,100,100,100,100,100,100,100,100,100,100,100,100,100,100,100,100,100,100,100,100,100,100", 
                    "unit":"ft2"
                }
            ], 
            "C3032.003a":[
                {
                    "cov":"", 
                    "direction":"1", 
                    "distribution":"N/A", 
                    "location":"all", 
                    "median_quantity":"250,250,250,250,250,250,250,250,250", 
                    "unit":"ft2"
                }
            ], 
            "C3032.003b":[
                {
                    "cov":"", 
                    "direction":"1", 
                    "distribution":"N/A", 
                    "location":"all", 
                    "median_quantity":"600,600,600,480", 
                    "unit":"ft2"
                }
            ], 
            "C3032.003c":[
                {
                    "cov":"", 
                    "direction":"1", 
                    "distribution":"N/A", 
                    "location":"all", 
                    "median_quantity":"1800,540", 
                    "unit":"ft2"
                }
            ], 
            "C3032.003d":[
                {
                    "cov":"", 
                    "direction":"1", 
                    "distribution":"N/A", 
                    "location":"all", 
                    "median_quantity":"2250", 
                    "unit":"ft2"
                }
            ], 
            "C3034.002":[
                {
                    "cov":"", 
                    "direction":"1", 
                    "distribution":"N/A", 
                    "location":"all", 
                    "median_quantity":"1,1,1,1,1,1,1,1,1,1,1,1,1,1,1", 
                    "unit":"ea"
                }
            ], 
            "D1014.011":[
                {
                    "cov":"", 
                    "direction":"1", 
                    "distribution":"N/A", 
                    "location":"1", 
                    "median_quantity":"1", 
                    "unit":"ea"
                }
            ], 
            "D2021.013a":[
                {
                    "cov":"", 
                    "direction":"1", 
                    "distribution":"N/A", 
                    "location":"all", 
                    "median_quantity":"1000,300", 
                    "unit":"ft"
                }
            ], 
            "D2021.013b":[
                {
                    "cov":"", 
                    "direction":"1", 
                    "distribution":"N/A", 
                    "location":"all", 
                    "median_quantity":"1000,300", 
                    "unit":"ft"
                }
            ], 
            "D2021.023a":[
                {
                    "cov":"", 
                    "direction":"1", 
                    "distribution":"N/A", 
                    "location":"all", 
                    "median_quantity":"500", 
                    "unit":"ft"
                }
            ], 
            "D2021.023b":[
                {
                    "cov":"", 
                    "direction":"1", 
                    "distribution":"N/A", 
                    "location":"all", 
                    "median_quantity":"500", 
                    "unit":"ft"
                }
            ], 
            "D2031.023a":[
                {
                    "cov":"", 
                    "direction":"1", 
                    "distribution":"N/A", 
                    "location":"all", 
                    "median_quantity":"600", 
                    "unit":"ft"
                }
            ], 
            "D2031.023b":[
                {
                    "cov":"", 
                    "direction":"1", 
                    "distribution":"N/A", 
                    "location":"all", 
                    "median_quantity":"600", 
                    "unit":"ft"
                }
            ], 
            "D2051.023a":[
                {
                    "cov":"", 
                    "direction":"1", 
                    "distribution":"N/A", 
                    "location":"all", 
                    "median_quantity":"600", 
                    "unit":"ft"
                }
            ], 
            "D2051.023b":[
                {
                    "cov":"", 
                    "direction":"1", 
                    "distribution":"N/A", 
                    "location":"all", 
                    "median_quantity":"600", 
                    "unit":"ft"
                }
            ], 
            "D3031.013c":[
                {
                    "cov":"", 
                    "direction":"1", 
                    "distribution":"N/A", 
                    "location":"roof", 
                    "median_quantity":"1,1,1", 
                    "unit":"ea"
                }
            ], 
            "D3031.022c":[
                {
                    "cov":"", 
                    "direction":"1", 
                    "distribution":"N/A", 
                    "location":"roof", 
                    "median_quantity":"1", 
                    "unit":"ea"
                }
            ], 
            "D3041.001c":[
                {
                    "cov":"", 
                    "direction":"1", 
                    "distribution":"N/A", 
                    "location":"all", 
                    "median_quantity":"5", 
                    "unit":"ea"
                }
            ], 
            "D3041.012c":[
                {
                    "cov":"", 
                    "direction":"1", 
                    "distribution":"N/A", 
                    "location":"all", 
                    "median_quantity":"800", 
                    "unit":"ft"
                }
            ], 
            "D3041.011c":[
                {
                    "cov":"", 
                    "direction":"1", 
                    "distribution":"N/A", 
                    "location":"all", 
                    "median_quantity":"800", 
                    "unit":"ft"
                }
            ], 
            "D3041.032c":[
                {
                    "cov":"", 
                    "direction":"1", 
                    "distribution":"N/A", 
                    "location":"all", 
                    "median_quantity":"10,10,10,10,10,10,10,10,10", 
                    "unit":"ea"
                }
            ], 
            "D3041.103c":[
                {
                    "cov":"", 
                    "direction":"1", 
                    "distribution":"N/A", 
                    "location":"roof", 
                    "median_quantity":"1,1,1", 
                    "unit":"ea"
                }
            ], 
            "D3052.013c":[
                {
                    "cov":"", 
                    "direction":"1", 
                    "distribution":"N/A", 
                    "location":"roof", 
                    "median_quantity":"1,1,1,1,1,1", 
                    "unit":"ea"
                }
            ], 
            "D3067.012c":[
                {
                    "cov":"", 
                    "direction":"1", 
                    "distribution":"N/A", 
                    "location":"1", 
                    "median_quantity":"1", 
                    "unit":"ea"
                }
            ], 
            "D4011.023a":[
                {
                    "cov":"", 
                    "direction":"1", 
                    "distribution":"N/A", 
                    "location":"all", 
                    "median_quantity":"1000,1000", 
                    "unit":"ft"
                }
            ], 
            "D4011.053a":[
                {
                    "cov":"", 
                    "direction":"1", 
                    "distribution":"N/A", 
                    "location":"all", 
                    "median_quantity":"100", 
                    "unit":"ea"
                }
            ], 
            "D5011.013c":[
                {
                    "cov":"", 
                    "direction":"1", 
                    "distribution":"N/A", 
                    "location":"1", 
                    "median_quantity":"1", 
                    "unit":"ea"
                }
            ], 
            "D5012.013d":[
                {
                    "cov":"", 
                    "direction":"1", 
                    "distribution":"N/A", 
                    "location":"1", 
                    "median_quantity":"1", 
                    "unit":"ea"
                }
            ], 
            "D5012.023c":[
                {
                    "cov":"", 
                    "direction":"1", 
                    "distribution":"N/A", 
                    "location":"1", 
                    "median_quantity":"1", 
                    "unit":"ea"
                }
            ], 
            "D5012.033c":[
                {
                    "cov":"", 
                    "direction":"1", 
                    "distribution":"N/A", 
                    "location":"all", 
                    "median_quantity":"1", 
                    "unit":"ea"
                }
            ]
        }, 
        "DamageModel":{
            "CollapseLimits":{
                "PFA":"", 
                "PID":"0.1"
            }, 
            "CollapseProbability":{
                "BasisOfEstimate":"sampled EDP", 
                "Value":"estimated"
            }, 
            "IrreparableResidualDrift":{
                "Beta":"0.3", 
                "Median":"0.01", 
                "YieldDriftRatio":"0.01"
            }
        }, 
        "Dependencies":{
            "CostAndTime":false, 
            "Fragilities":"per ATC recommendation", 
            "Injuries":"Independent", 
            "InjurySeverities":false, 
            "Quantities":"Independent", 
            "ReconstructionCosts":"Independent", 
            "ReconstructionTimes":"Independent", 
            "RedTagProbabilities":"Independent"
        }, 
        "LossModel":{
            "DecisionVariables":{
                "Injuries":"0", 
                "ReconstructionCost":"1", 
                "ReconstructionTime":"1", 
                "RedTag":"1"
            }, 
            "Inhabitants":{
                "OccupancyType":"Multi-Unit Residential", 
                "PeakPopulation":"220"
            }, 
            "ReplacementCost":"8018161", 
            "ReplacementTime":"550"
        }, 
        "ResponseModel":{
            "AdditionalUncertainty":{
                "GroundMotion":"", 
                "Modeling":""
            }, 
            "DetectionLimits":{
                "PFA":"", 
                "PID":""
            }, 
            "ResponseDescription":{
                "BasisOfEDP_Distribution":"all results", 
                "CoupledAssessment":false, 
                "EDPDataFile":"EDP.csv", 
                "EDP_Distribution":"lognormal", 
                "Realizations":"10000"
            }
        }, 
        "x_method":"FEMA P58"
    }, 
    "EDP":{
        
    }, 
    "Events":{
        "EventClassification":"Earthquake", 
        "modelName":"Vlachos et al. (2018)", 
        "momentMagnitude":7, 
        "ruptureDist":40, 
        "seed":500, 
        "type":"StochasticMotion", 
        "vs30":500
    }, 
    "GeneralInformation":{
        "NumberOfStories":"3", 
        "PlanArea":1.0E+25, 
        "depth":0, 
        "height":0, 
        "location":{
            "latitude":37.426, 
            "longitude":-122.171
        }, 
        "name":"Blackwelder", 
        "planArea":1.0E+25, 
        "stories":12, 
        "units":{
            "force":"kips", 
            "length":"in", 
            "temperature":"C", 
            "time":"sec"
        }, 
        "width":0
    }, 
    "Simulation":{
        "Application":"OpenSees-Simulation", 
        "algorithm":"Newton", 
        "analysis":"Transient -numSubLevels 2 -numSubSteps 10", 
        "convergenceTest":"NormUnbalance 1.0e-2 10", 
        "dampingModel":"Rayleigh Damping", 
        "dampingRatio":0.02, 
        "dampingRatioModal":0.02, 
        "firstMode":1, 
        "integration":"Newmark 0.5 0.25", 
        "modalRayleighTangentRatio":0, 
        "numModesModal":1, 
        "rayleighTangent":"Initial", 
        "secondMode":0, 
        "solver":"Umfpack"
    }, 
    "StructuralInformation":{
        "Bx":0.1, 
        "By":0.1, 
        "Fyx":1.0E+6, 
        "Fyy":1.0E+6, 
        "Krz":1.0E+10, 
        "Kx":100, 
        "Ky":100, 
        "ModelData":[
            {
                "Fyx":1.0E+6, 
                "Fyy":1.0E+6, 
                "Ktheta":1.0E+10, 
                "bx":0.1, 
                "by":0.1, 
                "height":12, 
                "kx":100, 
                "ky":100, 
                "weight":144
            }, 
            {
                "Fyx":1.0E+6, 
                "Fyy":1.0E+6, 
                "Ktheta":1.0E+10, 
                "bx":0.1, 
                "by":0.1, 
                "height":12, 
                "kx":100, 
                "ky":100, 
                "weight":144
            }, 
            {
                "Fyx":1.0E+6, 
                "Fyy":1.0E+6, 
                "Ktheta":1.0E+10, 
                "bx":0.1, 
                "by":0.1, 
                "height":12, 
                "kx":100, 
                "ky":100, 
                "weight":144
            }, 
            {
                "Fyx":1.0E+6, 
                "Fyy":1.0E+6, 
                "Ktheta":1.0E+10, 
                "bx":0.1, 
                "by":0.1, 
                "height":12, 
                "kx":100, 
                "ky":100, 
                "weight":144
            }, 
            {
                "Fyx":1.0E+6, 
                "Fyy":1.0E+6, 
                "Ktheta":1.0E+10, 
                "bx":0.1, 
                "by":0.1, 
                "height":12, 
                "kx":100, 
                "ky":100, 
                "weight":144
            }, 
            {
                "Fyx":1.0E+6, 
                "Fyy":1.0E+6, 
                "Ktheta":1.0E+10, 
                "bx":0.1, 
                "by":0.1, 
                "height":12, 
                "kx":100, 
                "ky":100, 
                "weight":144
            }, 
            {
                "Fyx":1.0E+6, 
                "Fyy":1.0E+6, 
                "Ktheta":1.0E+10, 
                "bx":0.1, 
                "by":0.1, 
                "height":12, 
                "kx":100, 
                "ky":100, 
                "weight":144
            }, 
            {
                "Fyx":1.0E+6, 
                "Fyy":1.0E+6, 
                "Ktheta":1.0E+10, 
                "bx":0.1, 
                "by":0.1, 
                "height":12, 
                "kx":100, 
                "ky":100, 
                "weight":144
            }, 
            {
                "Fyx":1.0E+6, 
                "Fyy":1.0E+6, 
                "Ktheta":1.0E+10, 
                "bx":0.1, 
                "by":0.1, 
                "height":12, 
                "kx":100, 
                "ky":100, 
                "weight":144
            }, 
            {
                "Fyx":1.0E+6, 
                "Fyy":1.0E+6, 
                "Ktheta":1.0E+10, 
                "bx":0.1, 
                "by":0.1, 
                "height":12, 
                "kx":100, 
                "ky":100, 
                "weight":144
            }, 
            {
                "Fyx":1.0E+6, 
                "Fyy":1.0E+6, 
                "Ktheta":1.0E+10, 
                "bx":0.1, 
                "by":0.1, 
                "height":12, 
                "kx":100, 
                "ky":100, 
                "weight":144
            }, 
            {
                "Fyx":1.0E+6, 
                "Fyy":1.0E+6, 
                "Ktheta":1.0E+10, 
                "bx":0.1, 
                "by":0.1, 
                "height":12, 
                "kx":100, 
                "ky":100, 
                "weight":144
            }
        ], 
        "height":144, 
        "massX":0, 
        "massY":0, 
        "numStories":12, 
        "randomVar":[], 
        "responseX":0, 
        "responseY":0, 
        "type":"MDOF_BuildingModel", 
        "weight":144
    }, 
    "UQ_Method":{
        "samplingMethodData":{
            "keepSamples":true, 
            "method":"LHS", 
            "samples":20, 
            "seed":144
        }, 
        "uqEngine":"Dakota", 
        "uqType":"Forward Propagation"
    }, 
    "localAppDir":"C:/SimCenter/PBE", 
    "randomVariables":[], 
    "remoteAppDir":"C:/SimCenter/PBE", 
    "runType":"runningLocal", 
    "workingDir":"C:/Users/omari/Documents/PBE/LocalWorkDir"
}