component,category,RCP
B1031.001,structural,10000
B1031.011a,structural,10000
B1031.021a,structural,10000
B1035.001,structural,10000
B1035.011,structural,10000
B2011.201a,exterior,10000
B2011.201b,exterior,10000
B2022.002,exterior,10000
C1011.001b,interior,10000
C3011.001b,interior,10000
C2011.001b,stairs,10000
C3027.002,interior,10000
C3032.003a,interior,10000
C3032.003b,interior,10000
C3032.003c,interior,10000
C3032.003d,interior,10000
C3034.002,interior,10000
D1014.011,elevators,10000
D2021.013a,plumbing,10000
D2021.013b,plumbing,10000
D2021.023a,plumbing,10000
D2021.023b,plumbing,10000
D2031.023a,plumbing,10000
D2031.023b,plumbing,10000
D2051.023a,hvac,10000
D2051.023b,hvac,10000
D3031.013c,hvac,10000
D3031.022c,hvac,10000
D3041.001c,hvac,10000
D3041.012c,hvac,10000
D3041.011c,hvac,10000
D3041.032c,hvac,10000
D3041.103c,hvac,10000
D3052.013c,hvac,10000
D3067.012c,hvac,10000
D4011.023a,fire,10000
D4011.053a,fire,10000
D5011.013c,electrical,10000
D5012.013d,electrical,10000
D5012.023c,electrical,10000
D5012.033c,electrical,10000
